cell_id,cathode_loading_density,cathode_porosity,cathode_AM_thickness,anode_loading_density,anode_porosity,anode_AM_thickness,calculated_NP_ratio,specific_capacity_0.1C,specific_capacity_0.2C,specific_capacity_0.5C,specific_capacity_1C,specific_capacity_2C,specific_capacity_3C,specific_capacity_5C,5C
1,9.8,25.43,31,6.76,28.07,43,1.22,169.27,157.26,145.25,136.59,131.15,122.77,94.13,
2,9.8,25.43,31,7.08,27.24,43,1.28,168.3,149.44,134.22,114.25,102.23,92.32,67.6,
3,10.06,23.5,31,7.08,27.24,43,1.25,159.18,139.86,118.91,101.77,92.52,82.45,59.32,
4,9.93,24.47,31,7.02,27.91,43,1.25,166.07,148.83,120.41,100.69,92.69,85.66,65.24,
5,9.8,25.43,31,7.08,27.24,43,1.28,162.71,143.16,122.35,105.45,99.3,90.08,69.41,
6,9.93,24.47,31,6.95,28.57,43,1.24,172.28,150.62,124.55,103.03,93.52,88.41,71.86,
7,9.93,23.23,30.5,6.95,27.73,42.5,1.24,160.41,150.62,129.52,114.62,99.45,84.69,61.38,
8,10.06,22.24,30.5,6.95,27.73,42.5,1.23,159.18,140,116.73,99.46,84.08,72.65,48.98,
9,9.93,20.62,29.5,7.08,27.24,43,1.27,161.93,153.24,127.59,109.66,95.59,84.28,59.03,
10,9.8,27.76,32,7.15,25.71,42.5,1.29,167.74,165.78,132.26,117.6,93.99,83.66,63.69,
11,10.06,23.5,31,7.08,26.38,42.5,1.25,161.22,151.97,135.37,119.86,118.23,113.74,88.98,
12,9.93,20.62,29.5,7.15,24.82,42,1.28,155.03,144.55,120.97,98.76,83.72,76.55,57.38,
13,10.06,24.23,31.3,7.34,28.4,45.3,1.3,134.01,116.19,93.47,70.48,57.14,46.94,27.76,
14,10.57,24.49,33,7.34,25.61,43.6,1.23,166.32,149.35,123.58,107.38,91.71,78.63,57.51,
15,10.57,21.65,31.8,7.28,30.26,46.1,1.22,160.36,156.35,126.04,105.44,82.9,72.54,51.17,
16,10.7,19.69,31.4,7.15,33.25,47.3,1.18,158.51,156.08,126.76,102.82,88.09,74.01,48.14,
17,10.06,21.47,30.2,7.08,26.21,42.4,1.25,165.44,160.14,136.19,113.74,97.55,76.73,49.52,
18,10.57,21.15,31.6,7.28,29.65,45.7,1.22,147.93,144.04,124.48,108.81,98.32,83.03,52.46,
19,10.44,20.59,31,7.28,29.34,45.5,1.23,157.27,155.18,136.17,115.33,100.92,86.37,57.41,
20,10.44,23.31,32.1,7.21,32.35,47.1,1.22,139.32,120.84,105.5,99.61,93.18,75.75,37.48,
21,10.19,23.02,31.2,7.28,33.71,48.5,1.27,169.22,154.17,130.38,113.31,105.65,96.64,67.2,
22,9.93,23.97,30.8,7.28,28.24,44.8,1.3,161.24,153.66,127.17,109.79,87.59,71.59,46.48,
23,10.57,23.1,32.4,7.28,26.93,44,1.22,151.81,154.02,126.04,107.9,95.73,80.05,54.15,
24,10.44,25.4,33,6.82,34.48,46,1.16,160.29,143.64,123.85,108.91,100.39,87.55,66.58,
25,10.31,26.31,33,6.63,36.35,46,1.14,160.96,157.77,128.29,108.9,96.68,88.31,67.46,
26,10.44,25.4,33,6.89,33.86,46,1.17,172.08,149.15,129.36,111.8,99.48,95.94,77.46,
27,10.44,25.4,33,6.95,33.23,46,1.18,161.73,145.61,124.9,106.29,99.34,91.22,69.2,
28,10.19,27.22,33,6.69,35.73,46,1.16,157.93,138.04,114.92,95.16,86.16,75,53.76,
29,9.93,29.04,33,6.69,35.73,46,1.19,163.86,145.24,127.59,108.55,100.55,97.24,81.52,
30,10.44,29.67,35,6.56,34.85,44.5,1.11,156.09,150.98,116.38,92.27,57.93,44.43,30.54,
31,10.44,28.65,34.5,6.82,33.02,45,1.16,172.08,157.41,151.11,144.56,143.12,138.53,103.15,
32,10.44,25.4,33,6.76,30.58,43,1.14,161.47,154.78,135.78,127.26,120.84,110.22,82.18,
33,10.57,26.72,34,6.82,31.5,44,1.14,166.19,152.07,136.66,128.11,123.83,115.93,87.31,
34,10.19,24.95,32,6.95,30.98,44.5,1.21,151.48,136.56,121.51,108.06,98.66,90.19,65.99,
35,10.82,22.2,32.8,6.76,38.19,48.3,1.1,159.42,143.24,116.31,95.2,80.66,66.88,46.52,
36,11.46,22.14,34.7,6.76,39.08,49,1.04,147.79,134.29,103.46,87.93,63.32,40.38,23.06,
37,10.57,26.72,34,6.82,36.41,47.4,1.14,150.91,138.21,106.99,81.48,62.95,48.19,34.33,
38,10.7,24.73,33.5,6.89,34.99,46.8,1.14,144.17,130.86,103.46,80.67,54.67,38.03,25.48,
39,10.95,23.39,33.7,6.89,34.99,46.8,1.11,139,134,107,82.25,54.13,38.75,25.5,
40,10.82,24.28,33.7,6.89,34.57,46.5,1.12,148.29,134.51,100.25,76.86,63.34,53.86,36.54,
41,10.7,27.33,34.7,7.02,32.61,46,1.16,123.43,138.54,115.11,94.88,68.89,48.66,26.63,
42,10.7,24.73,33.5,7.15,34.22,48,1.18,124.33,120.61,94.62,73.88,57.49,43.92,27.4,
43,11.08,25.8,35.2,7.02,35.55,48.1,1.12,156.12,149.07,120.64,102.35,81.09,67.74,45.61,
44,10.95,23.84,33.9,7.02,29.06,43.7,1.13,121.75,130.88,111.75,87.88,61.88,43,21.75,
45,10.82,19.25,31.6,7.08,30.63,45.1,1.16,155.75,148.29,124.91,108.85,81.29,62.07,34.51,
46,10.57,23.57,32.6,6.95,32.5,45.5,1.17,150.39,142.62,115.67,92.88,77.33,63.6,43.91,
47,10.7,23.82,33.1,7.08,31.84,45.9,1.17,154.42,147.12,121.9,100.26,79.51,62.61,37.39,
48,10.7,24.95,33.6,7.02,31.11,45,1.16,145.33,131.63,105.25,85.4,61.33,45.97,28.68,
49,10.7,27.74,34.9,6.89,31.78,44.6,1.14,153.27,145.45,121.13,100.77,76.82,59.03,35.08,
50,10.82,26.88,34.9,7.02,28.9,43.6,1.15,156.13,147.03,121.87,98.48,83.06,68.9,46.27,
51,10.82,26.04,34.5,6.95,32.2,45.3,1.14,153.22,144.37,120.23,100.25,86.85,75.47,50.06,
52,10.7,25.83,34,7.02,29.86,44.2,1.16,155.31,144.43,122.02,102.43,85.15,70.04,47.89,
53,10.82,22.68,33,7.08,32.71,46.5,1.16,155.63,145.64,122.25,103.92,92.67,82.55,53.48,
54,10.44,29.67,35,6.95,38.57,50,1.18,181.52,169.33,162.12,151.77,134.73,116.12,74.05,
55,10.31,30.52,35,6.95,38.57,50,1.19,174.77,168.79,156.44,146.22,131.74,115.8,59.5,
56,10.31,30.52,35,7.21,36.28,50,1.24,179.02,166.53,160.03,151,137.98,123.9,84.86,
57,10.19,31.38,35,6.63,41.44,50,1.15,175.94,166.53,156.18,146.64,134.54,126.48,95.56,
58,10.7,27.95,35,6.95,38.57,50,1.15,185.4,176.82,169.14,162.23,150.58,135.34,74.78,
59,10.44,29.67,35,6.76,40.3,50,1.14,173.79,162.78,155.7,145.35,123.85,103.41,69.07,
60,10.44,35.22,38,7.02,41.51,53,1.19,184.67,175.23,168.28,161.99,149.93,135.12,78.51,
61,10.31,30.52,35,7.08,39.25,51.5,1.22,177.03,169.46,163.35,157.37,147.81,136.52,92.96,
62,10.44,32.56,36.5,7.21,42.07,55,1.22,182.44,169.33,159.9,149.54,134.21,117.04,57.67,
63,10.57,33.56,37.5,7.21,42.59,55.5,1.21,180.83,170.34,163.73,156.09,144.95,134.07,79.79,
64,10.31,35.16,37.5,7.21,42.59,55.5,1.24,184.06,172.91,166.53,159.76,149.27,136.52,76.63,
65,10.44,38.76,40.2,6.95,40.71,51.8,1.18,169.46,152.82,131.98,107.47,79.29,62.78,43.64,
66,10.19,31.97,35.3,7.02,40.38,52,1.22,172.31,154.97,139.79,123.12,105.24,92.34,63.98,
67,10.57,32.66,37,7.08,39.83,52,1.19,167.49,149.61,132.38,117.36,100.65,88.08,55.18,
68,10.57,31.36,36.3,7.08,41.08,53.1,1.19,168.01,156.99,143.65,126.68,104.27,85.62,53.37,
69,10.44,36.39,38.7,7.08,37.05,49.7,1.2,167.89,155.44,143.91,138.4,128.83,118.09,79.95,
70,10.44,30.07,35.2,7.21,42.07,55,1.22,171.04,157.14,144.69,133.95,119.79,103.54,57.41,
71,10.44,31.62,36,6.95,42.38,53.3,1.18,170.9,151.25,137.35,120.58,99.61,78.9,42.33,
72,10.19,31.19,34.9,6.89,41.6,52.1,1.2,169.22,148.52,129.57,116.53,99.6,85.08,52.55,
73,10.57,33.38,37.4,7.02,40.5,52.1,1.17,170.85,162.69,151.94,135.75,114.51,92.23,53.76,
74,10.44,31.05,35.7,6.89,40.69,51.3,1.17,172.08,157.27,146,136.7,119.66,100.26,53.21,
75,10.19,38.73,39.2,7.02,40.27,51.9,1.22,176.88,163.17,151.48,141.4,121.24,100.13,54.84,
76,10.31,37.49,38.9,6.89,37.01,48.3,1.18,113.68,103.72,86.85,64.28,47.68,33.47,17.26,
77,10.57,34.26,37.9,7.02,40.38,52,1.17,175.26,164.77,149.87,131.87,110.23,87.95,44.43,
78,10.44,31.24,35.8,7.02,42.48,53.9,1.19,171.43,161.47,151.9,139.71,125.29,105.5,53.34,
79,10.31,33.38,36.5,6.95,40.25,51.4,1.19,171.45,156.31,143.03,124.57,101.06,79.68,45.15,
80,10.19,37.13,38.2,7.15,41.64,54.1,1.24,182.26,168.82,156.59,144.89,126.34,92.47,25.94,
81,10.31,30.52,35,7.28,39.34,53,1.25,172.51,156.97,139.31,125.23,112.88,102.79,68.53,
82,10.31,34.28,37,7.08,42.59,54.5,1.22,176.49,166,152.86,137.18,120.19,106.91,59.36,
83,10.44,35.22,38,7.21,41.32,54.3,1.22,174.31,169.72,161.6,152.82,138.14,113.89,39.06,
84,10.19,35.27,37.1,7.21,42.28,55.2,1.26,179.57,165.32,155.91,138.84,113.58,89.11,46.77,
85,13.62,17.64,39,8.19,31.76,53,1.06,183.52,174.07,171.26,166.43,155.58,122.21,60.1,
86,13.24,19.95,39,8.19,31.76,53,1.1,178.09,160.45,153.29,144.21,135.58,112.28,70.36,
87,13.75,16.87,39,8.51,29.05,53,1.1,175.17,156.91,151.27,149.32,147.79,122.14,66.3,
88,13.75,16.87,39,8.25,31.22,53,1.06,174.7,154.18,142.43,130.78,111.16,88.55,56.97,
89,13.62,17.64,39,7.93,33.93,53,1.03,176.98,168.44,160.8,149.35,126.83,92.26,52.66,
90,13.37,19.18,39,8.38,30.13,53,1.11,171.82,155.74,142.66,138.05,126.69,102.79,63.42,
91,13.37,27.54,43.5,8.64,31.83,56,1.14,170.21,149.03,127.64,106.35,87.92,68.99,42.58,
92,13.62,23.52,42,8.45,30.25,53.5,1.1,164.02,155.58,124.72,103.02,87.84,67.84,43.32,
93,13.62,25.3,43,8.57,27.83,52.5,1.11,159.6,152.66,126.63,95.68,81.41,63.02,40.4,
94,13.62,27.82,44.5,8.51,31.63,55,1.11,153.57,148.44,119,89.55,69.85,53.97,33.97,
95,13.62,18.68,39.5,8.57,25.27,50.7,1.11,143.02,131.66,99.2,64.92,41.11,31.96,21.31,
96,13.62,17.64,39,8.45,30.9,54,1.1,145.23,129.65,105.53,67.84,39.9,30.25,17.49,
97,13.5,18.62,39.1,8.45,26.54,50.8,1.11,112.37,124.85,101.22,62.07,37.93,28.5,16.84,
98,13.24,20.35,39.2,8.45,24.92,49.7,1.13,153.36,151.09,127.2,97.31,69.7,52.33,33.4,
99,13.5,17.35,38.5,8.45,26.69,50.9,1.11,157,146.15,120.79,94.73,66.94,52.23,33.77,
100,13.5,18.2,38.9,8.51,27.55,51.9,1.12,154.77,145.13,121.3,92.49,59.63,44.73,27.89,
101,13.5,18.41,39,8.45,27.68,51.6,1.11,160.34,150.1,129.31,109.43,90.06,72.11,46.04,
102,13.24,20.96,39.5,8.45,27.96,51.8,1.13,147.78,144.78,124.82,94.73,63.81,46.95,27.4,
103,13.37,18.97,38.9,8.45,27.68,51.6,1.12,153.22,150.26,129.58,98.87,71.55,52.41,29.99,
104,13.62,19.09,39.7,8.45,29.19,52.7,1.1,161.51,150.45,127.74,99.1,59.5,37.49,17.39,
105,12.73,18.64,36.9,8.45,25.67,50.2,1.17,156.88,145.91,123.12,91.08,62.15,46.34,28.92,
106,13.62,18.68,39.5,8.32,29.34,52,1.08,153.27,142.91,116.58,88.54,62.11,44.72,23.82,
107,13.62,19.29,39.8,8.25,29.76,51.9,1.07,158.69,153.67,127.24,97.59,60.4,43.02,26.13,
108,13.37,17.91,38.4,8.51,26.84,51.4,1.13,158.14,148.31,123.95,91.91,60.18,44.42,27.53,
109,13.37,19.18,39,8.51,32.49,55.7,1.13,149.33,122.21,117.91,88.74,55.07,38.18,19.75,
110,12.99,20.26,38.4,8.19,28.8,50.8,1.12,147.21,142.04,122.87,97.26,66.7,48.68,28.66,
111,13.37,18.13,38.5,8.45,26.54,50.8,1.12,161.31,151.89,132.34,114.84,95.8,74.21,44.01,
112,13.11,20.92,39.1,8.51,24.19,49.6,1.15,114.41,113.36,88.94,58.04,39.25,26.3,12.21,
113,13.5,17.56,38.6,8.45,27.4,51.4,1.11,160.14,150.2,122.82,98.99,81.24,57.1,29.92,
114,13.24,19.53,38.8,8.38,26.68,50.5,1.12,163.6,154.81,127.4,104.03,83.76,56.46,28.96,
115,13.5,24.23,42,8.25,36.04,57,1.08,178.7,168.66,167.44,163.49,149.39,119.27,58.62,
116,13.5,24.23,42,8.25,36.04,57,1.08,156.69,153.45,139.76,135.7,114.91,85.9,50.51,
117,13.24,25.66,42,8.38,35.04,57,1.12,173.63,160.81,145.4,125.65,102.69,71.98,43.43,
118,13.11,26.38,42,8.45,34.53,57,1.14,128.81,132.05,107.1,84.55,69.52,52.4,32.36,
119,13.24,25.66,42,8.25,36.04,57,1.1,177.25,165.05,152.64,140.02,121.3,90.28,48.6,
120,13.37,24.95,42,8.25,36.04,57,1.09,175.54,158.96,152,141.76,126,93.96,57.93,
121,12.61,26.62,40.5,8.51,34.49,57.4,1.2,145.39,136.92,111.51,90.01,74.38,58.09,40.39,
122,12.61,20.75,37.5,8.51,33.21,56.3,1.2,154.72,146.69,124.76,104.89,86.54,68.4,43.76,
123,12.99,23.45,40,8.51,34.26,57.2,1.16,170.6,151.63,137.2,123.71,114.75,96.73,62.28,
124,12.99,32.7,45.5,8.7,32.28,56.8,1.19,170.5,150.9,134.88,121.71,110.22,88.62,56.59,
125,13.11,24.58,41,8.45,35.99,58.3,1.14,174.22,155.85,141.44,129.85,111.17,88.2,55.95,
126,13.24,23.85,41,8.12,38.46,58.3,1.09,130.93,149.7,116.82,55.51,15.46,16.57,34.83,
127,13.11,18.84,38.1,8.38,30,52.9,1.13,144.89,137.68,109.6,80.48,55.53,37.16,19.42,
128,13.24,19.74,38.9,8.57,32.94,56.5,1.15,155.64,150.88,126.27,95.76,64.63,41.78,22.44,
129,12.73,18.64,36.9,8.57,31.23,55.1,1.19,153.66,149.89,123.55,96.34,64.09,40.65,21.72,
130,13.37,20.6,39.7,8.51,24.49,49.8,1.13,158.44,148,123.13,92.73,58.75,39.92,20.47,
131,12.86,17.38,36.7,8.45,32.52,55.3,1.16,149.73,146.65,128.97,103.51,72.1,48.24,26.52,
132,12.86,18.27,37.1,8.45,32.76,55.5,1.16,153.57,143.13,122.26,96.59,65.5,43.88,26.73,
133,13.24,20.35,39.2,8.45,32.76,55.5,1.13,164.84,162.98,151.29,135.26,102.28,65.46,31.33,
134,13.5,20.05,39.8,8.45,29.46,52.9,1.11,153.96,147.36,128.7,103.35,77.08,55.48,31.85,
135,13.11,19.48,38.4,8.51,31,54.5,1.15,157.2,153.34,126.62,99.27,69.42,46.56,25.99,
136,12.86,20.42,38.1,8.64,23.19,49.7,1.19,163.68,152.72,130.35,109.69,96.06,80.3,47.28,
137,13.11,19.69,38.5,8.77,23.57,50.7,1.18,161.9,151.04,128.39,109.92,89.98,65.76,34.76,
138,13.37,21.39,40.1,8.51,31.51,54.9,1.13,166.94,156.91,145.65,135.52,112.18,71.44,32.24,
139,12.99,19.42,38,8.51,24.79,50,1.16,160.8,153.21,126.77,104.11,82.72,57.64,29.82,
140,13.11,19.48,38.4,8.57,22.67,49,1.16,164.09,153.44,132.25,112.42,96.97,73.8,38.83,
141,12.86,16.93,36.5,8.7,23.38,50.2,1.2,160.17,150.91,129.18,108.41,86.69,61.45,31.31,
142,12.99,17.91,37.3,8.57,33.76,57.2,1.17,153.53,152.05,130.66,114.75,82.61,53.95,26.77,
143,12.99,23.45,40,8.57,25.27,50.7,1.17,133.19,135.3,106.64,87.99,73.45,54.9,28.66,
144,13.24,22.14,40.1,8.57,22.67,49,1.15,155.43,144.36,119.34,93.69,71.04,53.36,30.61,
145,13.5,22.58,41.1,8.64,23.65,50,1.13,134.58,125.05,100.2,69.57,51.12,35.19,17.44,
146,13.11,23.46,40.4,8.45,29.19,52.7,1.14,159.08,148.02,123.9,104.7,79.85,53.24,28.29,
147,13.24,30.62,45,8.25,40.24,61,1.1,182.52,170.73,165.36,159.77,148.29,107.34,39.3,
148,13.5,29.29,45,8.38,39.3,61,1.1,121.09,142.72,150.4,151.45,147.87,118.74,58.79,
149,13.37,29.95,45,8.38,39.3,61,1.11,176.05,161.72,156.91,159.67,151.07,127.84,75.54,
150,13.24,30.62,45,8.19,40.71,61,1.1,180.77,166.18,165.98,162.25,154.19,133.51,74.77,
151,13.37,29.95,45,8.32,39.77,61,1.1,172.36,163.77,159.16,153.43,137.05,102.35,51.18,
152,13.5,29.29,45,8.19,40.71,61,1.07,180.32,170.79,166.23,161.46,152.23,115.72,46.65,
153,13.5,33.71,48,8.57,31.23,55.1,1.12,173.63,163.39,161.46,158.32,149.7,123.53,63.79,
154,12.99,37.51,49,8.45,33.25,55.9,1.15,180.93,166.17,161.01,155.43,153,134.04,77.45,
155,13.62,28.62,45,8.57,33.53,57,1.11,174.67,160.7,155.38,150.35,149.15,127.64,76.48,
156,13.5,28.49,44.5,8.45,34.07,56.6,1.11,179.51,166.23,163.89,161.97,153.96,127.59,60.55,
157,13.5,32.29,47,8.57,32.22,55.9,1.12,179.31,167.55,164.2,157.2,142.39,108.22,47.57,
158,13.5,29.91,45.4,8.45,32.64,55.4,1.11,174.95,155.78,141.79,127.18,111.87,97.87,69.37,
159,13.88,27.92,45.4,8.38,35.83,57.7,1.07,172.58,158.68,156.8,149.21,132.25,87.57,31.66,
160,13.37,35.41,48.8,8.38,30.92,53.6,1.11,176.56,169.4,157.52,146.67,117.4,52,14.53,
161,13.62,26.66,43.8,8.25,36.93,57.8,1.07,166.33,153.17,133.47,117.89,106.33,89.75,56.38,
162,13.5,27.84,44.1,8.32,35.88,57.3,1.09,179.13,160.18,147.58,138.42,131.04,117.86,69.68,
163,13.62,31.07,46.6,8.25,33.11,54.5,1.07,177.38,159.75,140.39,123.3,114.56,97.72,58.93,
164,13.5,34.12,48.3,8.19,34.72,55.4,1.07,179.81,171.42,163.08,154.21,137.14,78.75,21.65,
165,13.62,32.23,47.4,8.25,32.37,53.9,1.07,181.91,167.52,163.18,161.84,151.07,114.94,42.53,
166,13.62,32.66,47.7,8.19,33.64,54.5,1.06,177.54,159.87,145.54,137.45,133.95,116.38,66.77,
167,13.62,31.07,46.6,8.32,35.65,57.1,1.08,172.54,158.59,144.51,129.25,112.18,88.03,53.59,
168,13.75,27.47,44.7,8.25,35.82,56.8,1.06,175.03,165.1,155,150.29,133,75.83,24.32,
169,13.75,30.43,46.6,8.32,37.09,58.4,1.07,179.56,170.51,161.15,151.91,133.66,80.75,24.87,
170,13.62,31.51,46.9,8.19,32.9,53.9,1.06,175.88,168.09,163.5,157.87,142.88,114.54,55.72,
171,13.75,27.79,44.9,8.45,36.43,58.7,1.09,176.39,167.13,162.85,157.1,144.14,103.7,38.56,
172,13.75,31.31,47.2,8.25,35.93,56.9,1.06,173.75,165.17,162.93,157.01,142.02,80.75,22.35,
173,13.75,29.21,45.8,8.12,34.28,54.6,1.04,173.6,154.9,138.5,118.75,93.6,68.3,42.87,
174,13.24,35.09,48.1,8.32,31.07,53.3,1.11,180.04,162.81,152.29,142.1,130.5,111.54,66.58,
175,13.37,34.47,48.1,8.38,34.35,56.4,1.11,158.34,162.7,145.33,133.82,114.07,85.27,36.79,
176,13.11,27.07,42.4,8.38,30.53,53.3,1.13,158.25,157.65,129.08,96.55,74.27,57.09,35.82,
177,13.11,26.73,42.2,8.32,31.96,54,1.12,167.09,161.91,138.6,127.32,121.76,99.39,52.59,
178,15.15,22.34,46,10.39,29.34,65,1.22,166.4,150.68,120.69,98.46,75.79,58.9,39.3,
179,15.28,21.69,46,10.39,29.34,65,1.21,156.99,146.06,123.57,80.91,56.54,39.52,24.91,
180,15.15,22.34,46,10.39,29.34,65,1.22,167.66,153.03,127.01,94.94,68.65,49.05,30.08,
181,15.15,22.34,46,10.39,29.34,65,1.22,175.1,155.09,142.16,127.7,97.74,75.59,46.34,
182,15.15,22.34,46,10.33,29.78,65,1.21,166.03,149.86,123.67,95.12,66.31,50.77,32.97,
183,15.15,22.34,46,10.33,29.78,65,1.21,169.21,152.96,125.86,92.96,64.26,44.21,28.7,
184,15.02,20.57,44.6,10.26,28.8,63.7,1.21,108.3,113.4,91.89,69.28,44.39,26.34,11.39,
185,15.66,19.2,45.7,10.39,27.33,63.2,1.18,110.31,104.11,71.68,33.13,16.61,9.53,3.85,
186,15.66,20.93,46.7,10.46,27.56,63.8,1.18,102.71,93.79,61.45,27.88,13.72,7.34,2.62,
187,15.66,20.25,46.3,10.26,31.8,66.5,1.16,162.41,159.09,148.86,134.79,61.98,27.01,9.62,
188,15.53,20.03,45.8,10.33,24.19,60.2,1.18,158.24,144.23,109.25,75.33,48.02,30.93,14.1,
189,15.53,18.61,45,10.33,26.39,62,1.18,157.89,158.33,134.01,109.69,71.98,44.85,21.32,
190,15.66,19.9,46.1,10.33,26.62,62.2,1.17,134.18,133.22,108.39,76.92,48.95,32.43,14.86,
191,15.66,19.55,45.9,10.33,27.9,63.3,1.17,162.76,157.34,139.25,126.66,88.64,53.41,21.85,
192,15.66,20.76,46.6,10.39,25.8,61.9,1.18,116.52,114.69,94.67,68.53,33.22,17.05,7.17,
193,15.66,19.38,45.8,10.33,28.8,64.1,1.17,146.15,137.76,109.88,71.07,38.46,22.38,9.09,
194,15.66,19.02,45.6,10.33,24.06,60.1,1.17,126.05,118.53,97.12,65.04,33.22,17.66,6.99,
195,15.28,23.02,46.8,10.33,29.24,64.5,1.2,140.86,127.69,98.84,61.47,28.23,13.71,5.11,
196,15.02,19.67,44.1,10.39,27.1,63,1.23,119.23,124.98,100.18,67.91,31.54,15.77,6.56,
197,15.02,22.49,45.7,10.33,24.44,60.4,1.22,138.74,117.05,89.15,54.88,27.99,15.77,5.83,
198,15.53,18.61,45,10.33,29.24,64.5,1.18,136.02,136.65,107.93,80.35,43.61,23.17,8.63,
199,15.41,18.74,44.7,10.33,26.39,62,1.19,121.42,113.87,82.4,46.31,21.78,11.91,4.53,
200,15.41,19.81,45.3,10.33,24.93,60.8,1.19,149.6,152.44,117.69,88.36,56.36,36.53,14.93,
201,15.53,20.73,46.2,10.39,23.84,60.3,1.19,145.46,132.78,106.52,63.88,32.51,18.41,6.61,
202,15.53,19.33,45.4,10.39,24.46,60.8,1.19,138.85,126.61,96.92,58.85,27.14,13.3,5.11,
203,15.15,27.09,49,10.46,33.98,70,1.22,172.36,157.81,119.24,95.03,72.54,54.29,35.23,
204,15.15,27.09,49,10.46,33.98,70,1.22,177.15,157.99,139.11,133.06,92.5,65.22,40.38,
205,15.15,27.09,49,10.39,34.39,70,1.22,167.92,149.48,124.3,96.68,62.24,40.73,22.55,
206,15.66,24.64,49,10.39,34.39,70,1.18,180.18,160.71,136.62,116.27,83.29,58.93,36.89,
207,15.41,25.87,49,10.33,34.8,70,1.19,175.8,158.11,144.06,120.82,89.51,62.62,37.03,
208,15.79,19.08,46,9.87,30.19,62.5,1.11,143.26,137.09,110.04,84.41,51.63,33.74,15.77,
209,15.53,20.03,45.8,10.26,26.85,62,1.17,107.81,111.88,92.02,63.23,37.21,23.68,11.01,
210,15.92,18.6,46.1,10.33,25.43,61.2,1.15,102.84,103.1,72.91,43.85,22.27,12.04,4.82,
211,15.53,18.97,45.2,10.26,26.26,61.5,1.17,126.26,130.66,106.7,84.41,40.18,19.74,8.37,
212,15.92,19.3,46.5,10.26,25.53,60.9,1.15,117.63,124.25,91.92,55.46,37.15,26.4,11.78,
213,15.79,18.37,45.6,10.26,26.97,62.1,1.15,151.34,146.57,118.21,92.8,57.07,37.99,19.17,
214,15.66,19.2,45.7,10.26,26.01,61.3,1.16,111.28,111.8,87.15,44.67,23.6,16.08,6.99,
215,15.53,19.51,45.5,10.46,25.46,62,1.19,118.59,120.09,90.13,52.33,28.99,19.56,8.81,
216,15.79,19.77,46.4,10.52,27.11,63.8,1.18,146.49,137.12,113.18,80.31,48.48,31.31,13.88,
217,15.41,19.64,45.2,10.46,26.18,62.6,1.2,152.71,146.58,122.13,95.02,58.93,38.67,18.4,
218,15.53,19.51,45.5,10.33,25.79,61.5,1.18,128.72,115.51,86.96,56.65,31.19,17.89,6.78,
219,15.66,19.2,45.7,10.39,25.68,61.8,1.18,147.81,145.28,122.2,87.59,55.68,36.36,15.65,
220,15.66,19.02,45.6,10.39,25.8,61.9,1.18,156.82,152.54,126.14,106.82,66.61,42.22,18.36,
221,15.66,19.2,45.7,10.39,25.2,61.4,1.18,144.76,145.19,123.16,103.41,70.1,42.48,18.62,
222,15.53,19.86,45.7,10.46,26.06,62.5,1.19,125.64,104.49,73.92,39.03,20.18,10.84,3.96,
223,15.02,21.45,45.1,10.39,26.4,62.4,1.23,100.64,100.91,80.31,46.67,26.8,17.14,6.93,
224,15.02,20.93,44.8,9.81,29.98,61.9,1.16,123.88,106.02,80.22,48.22,27.71,18.32,8.02,
225,15.28,20.12,45.1,9.87,29.06,61.5,1.14,145.88,148.3,128.41,113.35,71.42,44.89,19.89,
226,15.15,19.54,44.4,9.87,29.74,62.1,1.15,141.01,130.89,105.15,71.64,37.04,22.13,8.85,
227,15.28,24.79,47.9,9.94,40.25,73.5,1.15,163.35,154.93,131.63,103.67,67.2,42.56,20.79,
228,15.66,22.91,47.9,9.94,38.66,71.6,1.12,158.3,151.22,129.11,113.46,72.55,41.08,15.65,
229,15.66,22.1,47.4,10,40.9,74.8,1.13,163.81,152.45,126.4,99.39,67.31,45.37,24.48,
230,15.92,21.5,47.8,10.07,39.63,73.7,1.12,155.55,146.09,113.76,83.75,55.2,39.12,21.84,
231,15.79,21.3,47.3,9.87,35.93,68.1,1.11,152.3,144.23,117.26,90.72,55.25,38.42,21.68,
232,15.66,23.07,48,9.94,35.89,68.5,1.12,150.61,139.95,110.14,81.47,53.76,38.72,21.33,
233,15.92,21.98,48.1,10.07,37.77,71.5,1.12,155.98,147.81,118.83,99.31,75.75,55.37,33.88,
234,15.53,20.9,46.3,10.13,40.14,74.8,1.16,127.22,132.42,102.38,69.34,44.41,30.66,15.33,
235,15.28,25.11,48.1,10,37.12,70.3,1.16,162.37,157.08,144.98,136.56,104.03,68.1,32.71,
236,15.79,21.63,47.5,10.13,40.22,74.9,1.14,172.51,167.91,157.85,143.8,87.51,45.71,19.17,
237,15.66,23.39,48.2,10.07,37.6,71.3,1.14,167.74,162.94,158.57,148.43,99.65,52.8,21.07,
238,15.66,23.71,48.4,10,38.77,72.2,1.13,163.81,159,143.36,129.28,92.48,55.33,22.64,
239,15.53,23.7,48,10,36.94,70.1,1.14,172.16,164.58,155.24,142.56,89.16,46.17,18.41,
240,15.41,22.22,46.7,9.87,37.94,70.3,1.13,168.44,158.76,148.36,131.73,70.49,32.71,12.8,
241,15.53,21.07,46.4,10,39.36,72.9,1.14,142.03,128.02,105.11,89.25,49.52,25.11,9.87,
242,15.66,20.76,46.6,9.94,39.09,72.1,1.12,171.5,161.1,143.79,127.71,65.47,31.38,11.98,
243,15.66,20.42,46.4,10.07,39.22,73.2,1.14,164.34,155.24,149.83,143.44,96.77,51.22,19.76,
244,15.53,22.24,47.1,10,38.6,72,1.14,158.41,150.57,127.05,102.47,55.86,32.86,13.3,
245,15.53,20.21,45.9,10.2,38.35,73.1,1.16,158.15,149.6,125.55,107.05,63.44,35.77,14.63,
246,15.66,20.76,46.6,10.07,37.16,70.8,1.14,141.7,129.2,102.19,75.26,42.05,24.48,9.35,
247,15.79,22.12,47.8,10.13,39.41,73.9,1.14,177.28,164.79,155.16,136.08,53.6,18.47,8.24,
