,cell_id,cathode_weight,cathode_loading_density,cathode_porosity,cathode_AM_thickness,anode_loading_density,anode_porosity,anode_AM_thickness,energy_0.1C,energy_0.2C,energy_0.5C,energy_1C,energy_2C,energy_3C,energy_5C,energy_density_0.1C,energy_density_0.2C,energy_density_0.5C,energy_density_1C,energy_density_2C,energy_density_3C,energy_density_5C,capacity_0.1C,capacity_0.2C,capacity_0.5C,capacity_1C,capacity_2C,capacity_3C,capacity_5C,specific_capacity_0.1C,specific_capacity_0.2C,specific_capacity_0.5C,specific_capacity_1C,specific_capacity_2C,specific_capacity_3C,specific_capacity_5C
0,1.1-1,0.0072,9.8039,25.4334,31.0,6.756,0.2807,43.0,0.0044,0.0042,0.0039,0.0036,0.0034,0.0031,0.0023,0.6133,0.5873,0.5419,0.5041,0.4717,0.4325,0.3243,1.212,1.126,1.04,0.978,0.9390000000000001,0.879,0.674,169.2737,157.2626,145.2514,136.5922,131.1453,122.7654,94.1341
1,1.1-2,0.0072,9.8039,25.4334,31.0,7.0808,0.2724,43.0,0.0043,0.004,0.0036,0.003,0.0026,0.0023,0.0017,0.6024,0.5564,0.5007,0.4232,0.3684,0.3263,0.2334,1.205,1.07,0.961,0.818,0.732,0.6609999999999999,0.484,168.2961,149.4413,134.2179,114.2458,102.2346,92.3184,67.5978
2,1.1-3,0.0074,10.0586,23.4967,31.0,7.0808,0.2724,43.0,0.0042,0.0038,0.0033,0.0028,0.0025,0.0021,0.0015,0.5683,0.5218,0.4457,0.37799999999999995,0.3344,0.2916,0.2048,1.17,1.028,0.8740000000000001,0.748,0.68,0.606,0.436,159.1837,139.864,118.9116,101.7687,92.51700000000001,82.449,59.3197
3,1.1-4,0.0073,9.9313,24.4651,31.0,7.0158,0.2791,43.0,0.0043,0.004,0.0033,0.0027,0.0024,0.0022,0.0016,0.5932,0.551,0.4515,0.3738,0.335,0.3039,0.2247,1.204,1.079,0.873,0.73,0.672,0.621,0.473,166.06900000000002,148.8276,120.4138,100.6897,92.6897,85.6552,65.2414
4,1.1-6,0.0073,9.9313,24.4651,31.0,6.9508,0.2857,43.0,0.0045,0.0041,0.0034,0.0028,0.0025,0.0023,0.0018,0.6181,0.5608,0.4677,0.3839,0.33899999999999997,0.3142,0.2483,1.249,1.092,0.903,0.747,0.6779999999999999,0.6409999999999999,0.521,172.2759,150.6207,124.5517,103.0345,93.5172,88.4138,71.8621
5,1.1-7,0.0073,9.9313,23.2268,30.5,6.9508,0.2773,42.5,0.0042,0.004,0.0035,0.0031,0.0026,0.0022,0.0015,0.5726,0.5555,0.4797,0.4204,0.3545,0.2972,0.2098,1.163,1.092,0.9390000000000001,0.831,0.721,0.614,0.445,160.4138,150.6207,129.5172,114.6207,99.4483,84.6897,61.3793
6,1.1-8,0.0074,10.0586,22.2425,30.5,6.9508,0.2773,42.5,0.0041,0.0038,0.0032,0.0027,0.0022,0.0019,0.0012,0.56,0.5143,0.4337,0.3611,0.3018,0.2557,0.1674,1.17,1.0290000000000001,0.858,0.731,0.618,0.534,0.36,159.1837,140.0,116.7347,99.4558,84.0816,72.6531,48.9796
7,1.1-9,0.0073,9.9313,20.6243,29.5,7.0808,0.2724,43.0,0.0042,0.0041,0.0035,0.0029,0.0025,0.0022,0.0015,0.5788,0.5647,0.4766,0.4048,0.3436,0.2975,0.203,1.1740000000000002,1.111,0.925,0.795,0.693,0.611,0.428,161.931,153.2414,127.5862,109.6552,95.5862,84.2759,59.0345
8,1.1-10,0.0072,9.8039,27.7637,32.0,7.1457,0.2571,42.5,0.0042,0.0043,0.0035,0.003,0.0024,0.0021,0.0016,0.5927,0.6011,0.4913,0.4239,0.3397,0.2964,0.21899999999999997,1.2009999999999998,1.187,0.9470000000000001,0.8420000000000001,0.6729999999999999,0.599,0.456,167.7374,165.7821,132.2626,117.5978,93.9944,83.6592,63.6872
9,1.1-12,0.0073,9.9313,20.6243,29.5,7.1457,0.2482,42.0,0.004,0.0038,0.0033,0.0026,0.0022,0.002,0.0014,0.5443,0.5283,0.4503,0.3641,0.3022,0.2709,0.1971,1.124,1.048,0.877,0.716,0.607,0.555,0.41600000000000004,155.0345,144.5517,120.9655,98.7586,83.7241,76.5517,57.3793
10,1.1-13,0.0074,10.0586,24.2299,31.3,7.3406,0.284,45.3,0.0035,0.0031,0.0025,0.0019,0.0015,0.0012,0.0007,0.4694,0.4178,0.3378,0.2532,0.2003,0.1604,0.0916,0.985,0.8540000000000001,0.687,0.518,0.42,0.345,0.204,134.0136,116.1905,93.4694,70.4762,57.1429,46.9388,27.7551
11,1.1-15,0.0077,10.5679,24.4944,33.0,7.3406,0.2561,43.6,0.0046,0.0042,0.0035,0.003,0.0025,0.0021,0.0015,0.5917,0.5452,0.4554,0.3871,0.326,0.2742,0.1947,1.284,1.153,0.9540000000000001,0.8290000000000001,0.708,0.607,0.444,166.3212,149.3523,123.5751,107.3834,91.7098,78.6269,57.513000000000005
12,1.1-16,0.0077,10.5679,21.6451,31.8,7.2757,0.3026,46.1,0.0044,0.0044,0.0036,0.0029,0.0023,0.0019,0.0013,0.5636,0.5655,0.4593,0.3764,0.2943,0.2518,0.1723,1.238,1.207,0.973,0.8140000000000001,0.64,0.56,0.395,160.3627,156.3472,126.0363,105.4404,82.9016,72.5389,51.1658
13,1.1-19,0.0078,10.6952,19.6909,31.4,7.1457,0.3325,47.3,0.0046,0.0043,0.0035,0.0028,0.0024,0.0019,0.0015,0.5912,0.5538,0.4497,0.3631,0.3013,0.2391,0.1948,1.238,1.219,0.99,0.8029999999999999,0.688,0.578,0.376,158.5147,156.082,126.7606,102.8169,88.0922,74.0077,48.1434
14,1.1-21,0.0074,10.0586,21.4701,30.2,7.0808,0.2621,42.4,0.0045,0.0042,0.0036,0.003,0.0024,0.0018,0.0015,0.6117,0.5751,0.4902,0.4038,0.3298,0.2499,0.2091,1.216,1.177,1.001,0.836,0.7170000000000001,0.564,0.364,165.4422,160.1361,136.1905,113.7415,97.551,76.7347,49.5238
15,1.1-24,0.0077,10.5679,21.1492,31.6,7.2757,0.2965,45.7,0.0043,0.004,0.0035,0.003,0.0026,0.0021,0.0017,0.5602,0.5161,0.4473,0.3877,0.3342,0.2676,0.2183,1.1420000000000001,1.112,0.961,0.84,0.759,0.6409999999999999,0.405,147.9275,144.0415,124.4819,108.8083,98.3161,83.0311,52.4611
16,1.1-26,0.0076,10.4406,23.3126,32.1,7.2107,0.3235,47.1,0.0038,0.0034,0.003,0.0027,0.0025,0.002,0.001,0.4938,0.4422,0.3869,0.3589,0.3245,0.2592,0.1249,1.063,0.922,0.805,0.76,0.711,0.578,0.28600000000000003,139.3185,120.8388,105.5046,99.6068,93.1848,75.7536,37.4836
17,1.1-31,0.0074,10.1859,23.0249,31.2,7.2757,0.3371,48.5,0.0045,0.0042,0.0036,0.0031,0.0028,0.0025,0.0017,0.604,0.5677,0.4813,0.4148,0.3746,0.3352,0.2272,1.2590000000000001,1.147,0.97,0.843,0.7859999999999999,0.7190000000000001,0.5,169.2204,154.1667,130.3763,113.3065,105.6452,96.6398,67.2043
18,1.1-33,0.0077,10.5679,23.0961,32.4,7.2757,0.2693,44.0,0.0043,0.0043,0.0036,0.003,0.0026,0.0022,0.0014,0.5558,0.5621,0.4672,0.3943,0.33899999999999997,0.2779,0.1826,1.172,1.189,0.973,0.833,0.7390000000000001,0.618,0.418,151.8135,154.0155,126.0363,107.9016,95.7254,80.0518,54.1451
19,1.2-2,0.0075,10.3132,26.3138,33.0,6.626,0.3635,46.0,0.0044,0.0044,0.0036,0.003,0.0026,0.0024,0.0017,0.5792,0.5818,0.4798,0.4043,0.3489,0.3116,0.2305,1.212,1.188,0.966,0.82,0.728,0.665,0.508,160.9562,157.7689,128.2869,108.8977,96.68,88.3134,67.4635
20,1.2-3,0.0076,10.4406,25.4041,33.0,6.8859,0.3386,46.0,0.0047,0.0043,0.0037,0.0032,0.0028,0.0026,0.0021,0.6194,0.5612,0.4849,0.4157,0.3611,0.3419,0.2688,1.3130000000000002,1.138,0.987,0.853,0.759,0.732,0.591,172.0839,149.1481,129.3578,111.7955,99.4758,95.9371,77.4574
21,1.2-4,0.0076,10.4406,25.4041,33.0,6.9508,0.3323,46.0,0.0044,0.0042,0.0036,0.003,0.0027,0.0025,0.0018,0.5822,0.5467,0.4693,0.3952,0.3587,0.3229,0.2381,1.234,1.111,0.953,0.8109999999999999,0.758,0.696,0.528,161.73,145.6094,124.9017,106.291,99.3447,91.2189,69.2005
22,1.2-5,0.0074,10.1859,27.2235,33.0,6.691,0.3573,46.0,0.0042,0.0038,0.0032,0.0026,0.0023,0.002,0.0014,0.5644,0.5116,0.4302,0.3534,0.3097,0.2643,0.1848,1.175,1.0270000000000001,0.855,0.708,0.6409999999999999,0.5579999999999999,0.4,157.9301,138.0376,114.9194,95.1613,86.1559,75.0,53.7634
23,1.2-6,0.0073,9.9313,29.0429,33.0,6.691,0.3573,46.0,0.0042,0.0039,0.0035,0.0029,0.0027,0.0025,0.002,0.5852,0.5429,0.4793,0.4051,0.3654,0.3459,0.2818,1.188,1.053,0.925,0.787,0.7290000000000001,0.705,0.591,163.8621,145.2414,127.5862,108.5517,100.5517,97.2414,81.5172
24,1.2-7,0.0076,10.4406,29.6667,35.0,6.5611,0.3485,44.5,0.0042,0.0042,0.0033,0.0026,0.0016,0.0012,0.0008,0.5543,0.5463,0.4298,0.3337,0.2121,0.1604,0.1063,1.1909999999999998,1.1520000000000001,0.888,0.7040000000000001,0.442,0.33899999999999997,0.233,156.0944,150.983,116.3827,92.2674,57.9292,44.4299,30.5374
25,1.2-8,0.0076,10.4406,28.6474,34.5,6.8209,0.3302,45.0,0.0048,0.0045,0.0043,0.0041,0.0039,0.0037,0.0027,0.6249,0.5895,0.5628,0.5319,0.5127,0.4843,0.3515,1.3130000000000002,1.2009999999999998,1.153,1.103,1.092,1.057,0.787,172.0839,157.405,151.114,144.5609,143.1193,138.5321,103.1455
26,1.2-10,0.0077,10.5679,26.7151,34.0,6.8209,0.315,44.0,0.0046,0.0044,0.0039,0.0037,0.0034,0.0031,0.0023,0.5965,0.5653,0.5096,0.4724,0.4431,0.4052,0.2969,1.2830000000000001,1.1740000000000002,1.055,0.9890000000000001,0.956,0.895,0.674,166.1917,152.0725,136.658,128.1088,123.8342,115.9326,87.3057
27,1.2-12,0.0074,10.1859,24.9492,32.0,6.9508,0.3098,44.5,0.004,0.0038,0.0034,0.003,0.0026,0.0024,0.0017,0.5387,0.5093,0.4538,0.3993,0.354,0.3177,0.2272,1.127,1.016,0.904,0.804,0.7340000000000001,0.6709999999999999,0.491,151.4785,136.5591,121.5054,108.0645,98.6559,90.1882,65.9946
28,1.2-14,0.0084,11.4592,22.1375,34.7,6.756,0.3908,49.0,0.0044,0.0041,0.0032,0.0026,0.0019,0.0012,0.0006,0.5283,0.4913,0.3815,0.3127,0.2208,0.1409,0.0775,1.237,1.124,0.866,0.736,0.53,0.33799999999999997,0.193,147.7897,134.2891,103.4648,87.9331,63.3214,40.3823,23.0585
29,1.2-15,0.0077,10.5679,26.7151,34.0,6.8209,0.3641,47.4,0.0042,0.0039,0.0031,0.0023,0.0017,0.0013,0.0009,0.5387,0.4999,0.3959,0.2974,0.2236,0.1683,0.1155,1.165,1.067,0.826,0.629,0.486,0.37200000000000005,0.265,150.9067,138.2124,106.9948,81.4767,62.9534,48.1865,34.3264
30,1.2-16,0.0078,10.6952,24.7252,33.5,6.8859,0.3499,46.8,0.0039,0.0037,0.0029,0.0022,0.0015,0.001,0.0007,0.4964,0.4691,0.3739,0.2844,0.1931,0.1328,0.0853,1.126,1.022,0.8079999999999999,0.63,0.42700000000000005,0.297,0.19899999999999998,144.1741,130.8579,103.4571,80.6658,54.6735,38.0282,25.4802
31,1.2-17,0.008,10.9499,23.3903,33.7,6.8859,0.3499,46.8,0.0039,0.0038,0.0031,0.0024,0.0015,0.0011,0.0007,0.4878,0.4803,0.3878,0.2933,0.1925,0.136,0.0859,1.112,1.072,0.856,0.6579999999999999,0.433,0.31,0.204,139.0,134.0,107.0,82.25,54.125,38.75,25.5
32,1.2-18,0.0079,10.8225,24.2811,33.7,6.8859,0.3457,46.5,0.0041,0.0038,0.0029,0.0022,0.0018,0.0015,0.001,0.5175,0.4841,0.37,0.2794,0.22399999999999998,0.1862,0.1216,1.173,1.064,0.7929999999999999,0.608,0.501,0.426,0.289,148.2933,134.5133,100.2528,76.8647,63.3376,53.8559,36.536
33,1.2-19,0.0078,10.6952,27.3284,34.7,7.0158,0.3261,46.0,0.0034,0.0039,0.0032,0.0026,0.0019,0.0013,0.0007,0.4339,0.4963,0.4145,0.3364,0.2432,0.1689,0.0896,0.9640000000000001,1.082,0.899,0.741,0.5379999999999999,0.38,0.20800000000000002,123.4315,138.5403,115.1088,94.8784,68.88600000000001,48.6556,26.6325
34,1.2-20,0.0078,10.6952,24.7252,33.5,7.1457,0.3422,48.0,0.0034,0.0034,0.0027,0.0021,0.0016,0.0012,0.0007,0.4389,0.4337,0.3464,0.2648,0.2026,0.1515,0.0913,0.971,0.9420000000000001,0.7390000000000001,0.5770000000000001,0.449,0.34299999999999997,0.214,124.3278,120.6146,94.6223,73.8796,57.4904,43.9181,27.4008
35,1.2-22,0.008,10.9499,23.8423,33.9,7.0158,0.2906,43.7,0.0034,0.0037,0.0032,0.0025,0.0018,0.0012,0.0006,0.42700000000000005,0.4679,0.3995,0.3083,0.2184,0.1485,0.0721,0.9740000000000001,1.047,0.894,0.703,0.495,0.344,0.174,121.75,130.875,111.75,87.875,61.875,43.0,21.75
36,1.2-23,0.0079,10.8225,19.2492,31.6,7.0808,0.3063,45.1,0.0043,0.0043,0.0036,0.0031,0.0023,0.0017,0.0009,0.5492,0.5393,0.455,0.3855,0.2872,0.2148,0.1159,1.232,1.173,0.988,0.861,0.643,0.491,0.273,155.7522,148.2933,124.9052,108.8496,81.2895,62.0733,34.5133
37,1.2-27,0.0078,10.6952,24.9492,33.6,7.0158,0.3111,45.0,0.0039,0.0037,0.003,0.0024,0.0017,0.0012,0.0007,0.5031,0.4729,0.3831,0.3036,0.2167,0.159,0.0955,1.135,1.028,0.8220000000000001,0.667,0.479,0.359,0.22399999999999998,145.3265,131.6261,105.2497,85.4033,61.3316,45.9667,28.6812
38,1.2-29,0.0078,10.6952,27.7448,34.9,6.8859,0.3178,44.6,0.0042,0.0041,0.0035,0.0028,0.0021,0.0016,0.0009,0.5403,0.5295,0.4428,0.3611,0.2717,0.2046,0.1181,1.197,1.136,0.946,0.787,0.6,0.461,0.27399999999999997,153.265,145.4546,121.1268,100.7683,76.8246,59.0269,35.0832
39,1.2-30,0.0079,10.8225,26.8847,34.9,7.0158,0.289,43.6,0.0044,0.0043,0.0036,0.0028,0.0023,0.0019,0.0012,0.5522,0.5369,0.4484,0.3597,0.2949,0.24,0.1561,1.235,1.163,0.9640000000000001,0.779,0.657,0.545,0.366,156.1315,147.0291,121.8711,98.4829,83.0594,68.9001,46.2705
40,1.2-31,0.0079,10.8225,26.0369,34.5,6.9508,0.322,45.3,0.0043,0.0042,0.0035,0.0029,0.0024,0.0021,0.0013,0.5461,0.5288,0.4436,0.3674,0.3083,0.2617,0.168,1.212,1.1420000000000001,0.951,0.7929999999999999,0.687,0.597,0.396,153.2238,144.3742,120.2276,100.2528,86.8521,75.4741,50.0632
41,1.2-32,0.0078,10.6952,25.8322,34.0,7.0158,0.2986,44.2,0.0044,0.0041,0.0035,0.0029,0.0024,0.0019,0.0013,0.5567,0.5271,0.4476,0.3711,0.3026,0.2446,0.162,1.213,1.128,0.953,0.8,0.665,0.547,0.374,155.3137,144.4302,122.0231,102.4328,85.1473,70.0384,47.8873
42,1.2-33,0.0079,10.8225,22.675,33.0,7.0808,0.3271,46.5,0.0044,0.0042,0.0036,0.003,0.0026,0.0023,0.0014,0.5525,0.5319,0.4484,0.3788,0.3278,0.2857,0.1805,1.2309999999999999,1.1520000000000001,0.9670000000000001,0.8220000000000001,0.733,0.653,0.423,155.6258,145.6384,122.2503,103.9191,92.6675,82.5537,53.4766
43,1.3-1,0.0076,10.4406,29.6667,35.0,6.9508,0.3857,50.0,0.005,0.0048,0.0046,0.0042,0.0037,0.0031,0.0019,0.6604,0.6298,0.6003,0.5557,0.4814,0.405,0.2528,1.385,1.2919999999999998,1.237,1.158,1.028,0.8859999999999999,0.565,181.5203,169.3316,162.1232,151.7693,134.7313,116.1206,74.0498
44,1.3-2,0.0075,10.3132,30.5244,35.0,6.9508,0.3857,50.0,0.0048,0.0047,0.0043,0.004,0.0035,0.003,0.0015,0.6376,0.6224,0.5748,0.5309,0.4679,0.402,0.2004,1.3159999999999998,1.271,1.178,1.101,0.992,0.872,0.44799999999999995,174.7676,168.7915,156.4409,146.2151,131.7397,115.8035,59.4954
45,1.3-3,0.0075,10.3132,30.5244,35.0,7.2107,0.3628,50.0,0.0049,0.0047,0.0045,0.0042,0.0037,0.0033,0.0022,0.6503,0.6202,0.5934,0.5541,0.4938,0.4332,0.2906,1.348,1.254,1.205,1.137,1.0390000000000001,0.9329999999999999,0.639,179.0173,166.5339,160.0266,150.996,137.9814,123.9044,84.8606
46,1.3-4,0.0074,10.1859,31.3822,35.0,6.626,0.4144,50.0,0.0047,0.0046,0.0043,0.004,0.0036,0.0033,0.0024,0.6358,0.6194,0.5798,0.5395,0.4835,0.4449,0.32799999999999996,1.3090000000000002,1.239,1.162,1.091,1.001,0.941,0.711,175.9409,166.5323,156.1828,146.6398,134.543,126.4785,95.5645
47,1.3-5,0.0078,10.6952,27.9513,35.0,6.9508,0.3857,50.0,0.0053,0.0051,0.0049,0.0046,0.0042,0.0037,0.002,0.6775,0.6569,0.6236,0.5907,0.5356,0.4708,0.2539,1.4480000000000002,1.381,1.321,1.2670000000000001,1.176,1.057,0.584,185.4033,176.8246,169.1421,162.2279,150.5762,135.3393,74.7759
48,1.3-7,0.0076,10.4406,35.2194,38.0,7.0158,0.4151,53.0,0.0052,0.005,0.0048,0.0045,0.0041,0.0036,0.002,0.6767,0.652,0.622,0.591,0.5358,0.473,0.2676,1.409,1.337,1.284,1.236,1.1440000000000001,1.031,0.599,184.6658,175.2294,168.2831,161.9921,149.9345,135.1245,78.5059
49,1.3-10,0.0076,10.4406,32.5571,36.5,7.2107,0.4207,55.0,0.0051,0.0048,0.0045,0.0042,0.0036,0.0031,0.0015,0.6651,0.6286,0.5879,0.5435,0.4773,0.4076,0.1959,1.392,1.2919999999999998,1.22,1.141,1.024,0.893,0.44,182.4378,169.3316,159.8952,149.5413,134.2071,117.038,57.6671
50,1.3-11,0.0077,10.5679,33.5551,37.5,7.2107,0.4259,55.5,0.0051,0.0049,0.0047,0.0044,0.004,0.0036,0.0021,0.6564,0.6338,0.6051,0.5694,0.5174,0.4684,0.272,1.396,1.315,1.264,1.205,1.119,1.035,0.616,180.829,170.3368,163.7306,156.0881,144.9482,134.0674,79.7928
51,1.3-14,0.0076,10.4406,38.7646,40.2,6.9508,0.4071,51.8,0.0046,0.0043,0.0037,0.003,0.0022,0.0017,0.0011,0.6075,0.565,0.4895,0.3942,0.2814,0.2163,0.1447,1.2930000000000001,1.166,1.0070000000000001,0.82,0.605,0.479,0.33299999999999996,169.4627,152.8178,131.97899999999998,107.4705,79.2923,62.7785,43.6435
52,1.3-15,0.0074,10.1859,31.9653,35.3,7.0158,0.4038,52.0,0.0046,0.0043,0.0038,0.0034,0.0028,0.0024,0.0016,0.6219,0.5715,0.5168,0.4499,0.3742,0.3198,0.2152,1.2819999999999998,1.153,1.04,0.9159999999999999,0.7829999999999999,0.687,0.47600000000000003,172.3118,154.9731,139.785,123.1183,105.2419,92.3387,63.9785
53,1.3-16,0.0077,10.5679,32.6572,37.0,7.0808,0.3983,52.0,0.0046,0.0043,0.0038,0.0033,0.0028,0.0024,0.0014,0.6007,0.5542,0.4913,0.4307,0.3589,0.3053,0.1859,1.2930000000000001,1.155,1.022,0.9059999999999999,0.777,0.68,0.426,167.4871,149.6114,132.3834,117.3575,100.6477,88.0829,55.1814
54,1.3-17,0.0077,10.5679,31.3585,36.3,7.0808,0.4108,53.1,0.0046,0.0045,0.0041,0.0036,0.0029,0.0023,0.0014,0.6005,0.5766,0.5299,0.4617,0.3697,0.2961,0.1797,1.297,1.212,1.109,0.978,0.805,0.6609999999999999,0.41200000000000003,168.0052,156.9948,143.6529,126.6839,104.2746,85.6218,53.3679
55,1.3-18,0.0076,10.4406,36.3911,38.7,7.0808,0.3705,49.7,0.0046,0.0044,0.0041,0.0039,0.0035,0.0031,0.0021,0.6043,0.5758,0.5329999999999999,0.506,0.4583,0.4102,0.2708,1.281,1.186,1.0979999999999999,1.056,0.983,0.9009999999999999,0.61,167.8899,155.4391,143.9056,138.4011,128.8336,118.0865,79.9476
56,1.3-19,0.0076,10.4406,30.0663,35.2,7.2107,0.4207,55.0,0.0047,0.0044,0.0041,0.0037,0.0032,0.0027,0.0015,0.6168,0.5809,0.5336,0.4877,0.425,0.359,0.1946,1.305,1.199,1.104,1.022,0.914,0.79,0.43799999999999994,171.0354,157.1429,144.692,133.945,119.7903,103.5387,57.405
57,1.3-20,0.0076,10.4406,31.6204,36.0,6.9508,0.4238,53.3,0.0047,0.0043,0.0039,0.0034,0.0027,0.0021,0.0011,0.6131,0.5613,0.5083,0.4409,0.3535,0.2724,0.1427,1.304,1.1540000000000001,1.048,0.92,0.76,0.602,0.32299999999999995,170.9043,151.2451,137.3526,120.5767,99.6068,78.8991,42.3329
58,1.3-22,0.0077,10.5679,33.3774,37.4,7.0158,0.405,52.1,0.0047,0.0046,0.0043,0.0038,0.0031,0.0025,0.0014,0.6141,0.5992,0.5576,0.4916,0.40299999999999997,0.3168,0.1799,1.319,1.256,1.173,1.048,0.884,0.7120000000000001,0.415,170.8549,162.6943,151.94299999999998,135.7513,114.5078,92.228,53.7565
59,1.3-23,0.0076,10.4406,31.0458,35.7,6.8859,0.4069,51.3,0.0047,0.0044,0.0041,0.0038,0.0032,0.0026,0.0014,0.6201,0.5818,0.5384,0.4974,0.4237,0.3465,0.1798,1.3130000000000002,1.2,1.114,1.043,0.9129999999999999,0.765,0.406,172.0839,157.2739,146.0026,136.6973,119.6592,100.2621,53.211000000000006
60,1.3-24,0.0074,10.1859,38.7341,39.2,7.0158,0.4027,51.9,0.0047,0.0045,0.0042,0.0038,0.0032,0.0026,0.0014,0.6347,0.6046,0.5602,0.5159,0.4294,0.3444,0.1825,1.3159999999999998,1.214,1.127,1.052,0.902,0.745,0.408,176.8817,163.172,151.4785,141.3979,121.2366,100.1344,54.8387
61,1.3-25,0.0075,10.3132,37.4899,38.9,6.8859,0.3701,48.3,0.0031,0.0028,0.0024,0.0017,0.0012,0.0008,0.0004,0.4089,0.3764,0.3179,0.2316,0.1644,0.1124,0.0551,0.856,0.7809999999999999,0.654,0.484,0.359,0.252,0.13,113.6786,103.7185,86.8526,64.2762,47.676,33.4661,17.2643
62,1.3-26,0.0077,10.5679,34.2563,37.9,7.0158,0.4038,52.0,0.0049,0.0047,0.0043,0.0037,0.003,0.0023,0.0012,0.633,0.6091,0.5507,0.4776,0.3881,0.3012,0.1486,1.3530000000000002,1.272,1.157,1.018,0.851,0.679,0.34299999999999997,175.2591,164.7668,149.8705,131.8653,110.2332,87.9534,44.4301
63,1.3-30,0.0075,10.3132,30.5244,35.0,7.2757,0.3934,53.0,0.0046,0.0043,0.0039,0.0034,0.003,0.0027,0.0017,0.6147,0.5761,0.5133,0.456,0.4,0.3553,0.2309,1.2990000000000002,1.182,1.0490000000000002,0.943,0.85,0.774,0.516,172.51,156.9721,139.3094,125.2324,112.8818,102.7888,68.5259
64,1.3-31,0.0075,10.3132,34.2799,37.0,7.0808,0.4259,54.5,0.0048,0.0046,0.0042,0.0037,0.0032,0.0028,0.0015,0.6345,0.6125,0.5606,0.4972,0.4247,0.3691,0.2001,1.329,1.25,1.151,1.033,0.905,0.805,0.447,176.49400000000003,166.0027,152.8553,137.1846,120.1859,106.9057,59.3626
65,1.3-33,0.0074,10.1859,35.2662,37.1,7.2107,0.4228,55.2,0.0048,0.0046,0.0043,0.0038,0.003,0.0023,0.0012,0.6458,0.6136,0.5761,0.5063,0.4031,0.3086,0.1585,1.3359999999999999,1.23,1.16,1.033,0.845,0.6629999999999999,0.348,179.5699,165.3226,155.914,138.8441,113.5753,89.1129,46.7742
66,2.1-1,0.01,13.6237,17.6366,39.0,8.1851,0.3176,53.0,0.0067,0.0065,0.0063,0.006,0.0054,0.0042,0.002,0.6713,0.6491,0.6324,0.6046,0.5466,0.4221,0.2022,1.8259999999999998,1.732,1.704,1.656,1.548,1.216,0.598,183.5176,174.0704,171.2563,166.4322,155.5779,122.2111,60.1005
67,2.1-4,0.01,13.751,16.8669,39.0,8.2501,0.3122,53.0,0.0063,0.0058,0.0053,0.0048,0.004,0.0031,0.002,0.6254,0.5737,0.5292,0.4785,0.3953,0.3105,0.1945,1.754,1.548,1.43,1.3130000000000002,1.1159999999999999,0.889,0.5720000000000001,174.7012,154.1833,142.4303,130.7769,111.1554,88.5458,56.9721
68,2.1-5,0.01,13.6237,17.6366,39.0,7.9253,0.3393,53.0,0.0063,0.0062,0.0059,0.0054,0.0045,0.0032,0.0018,0.6339,0.6251,0.5949,0.5446,0.4499,0.3235,0.1796,1.761,1.676,1.6,1.486,1.262,0.9179999999999999,0.524,176.9849,168.4422,160.804,149.3467,126.8342,92.2613,52.6633
69,2.1-9,0.01,13.6237,23.5197,42.0,8.445,0.3025,53.5,0.0059,0.0057,0.0046,0.0038,0.0031,0.0024,0.0015,0.5902,0.57,0.4636,0.3771,0.3126,0.2377,0.1472,1.632,1.548,1.2409999999999999,1.025,0.8740000000000001,0.675,0.431,164.0201,155.5779,124.7236,103.0151,87.8392,67.8392,43.3166
70,2.1-10,0.01,13.6237,25.2983,43.0,8.5749,0.2783,52.5,0.0057,0.0056,0.0046,0.0035,0.0029,0.0022,0.0014,0.5722,0.5605,0.465,0.3502,0.2921,0.222,0.1379,1.588,1.5190000000000001,1.26,0.9520000000000001,0.81,0.627,0.402,159.59799999999998,152.6633,126.6332,95.6784,81.407,63.0151,40.402
71,2.1-11,0.01,13.6237,27.8164,44.5,8.5099,0.3163,55.0,0.0054,0.0054,0.0044,0.0033,0.0025,0.0019,0.0012,0.5449,0.5407,0.4369,0.3273,0.2498,0.1895,0.1152,1.528,1.4769999999999999,1.1840000000000002,0.8909999999999999,0.695,0.537,0.33799999999999997,153.5678,148.4422,118.995,89.5477,69.8493,53.9699,33.9699
72,2.1-14,0.01,13.6237,17.6366,39.0,8.445,0.309,54.0,0.0049,0.0045,0.0037,0.0024,0.0014,0.001,0.0006,0.4921,0.4548,0.3683,0.23800000000000002,0.141,0.1042,0.0577,1.445,1.29,1.05,0.675,0.397,0.301,0.174,145.2261,129.6482,105.5276,67.8392,39.8995,30.2513,17.4874
73,2.1-15,0.0099,13.4963,18.615,39.1,8.445,0.2654,50.8,0.0039,0.0043,0.0035,0.0022,0.0013,0.001,0.0005,0.3963,0.4399,0.3546,0.2181,0.1331,0.0974,0.0545,1.1079999999999999,1.2309999999999999,0.998,0.612,0.374,0.281,0.166,112.3732,124.8479,101.21700000000001,62.068999999999996,37.931,28.499000000000002,16.8357
74,2.1-16,0.0097,13.2417,20.3543,39.2,8.445,0.2492,49.7,0.0051,0.0053,0.0044,0.0033,0.0024,0.0018,0.0011,0.5303,0.5448,0.4565,0.3454,0.2463,0.182,0.1124,1.483,1.4609999999999999,1.23,0.941,0.674,0.506,0.32299999999999995,153.3609,151.0858,127.1975,97.3113,69.7001,52.3268,33.4023
75,2.1-17,0.0099,13.4963,17.3467,38.5,8.445,0.2669,50.9,0.0054,0.0052,0.0043,0.0033,0.0023,0.0018,0.0011,0.5495,0.5301,0.4393,0.3378,0.2369,0.1814,0.1132,1.548,1.4409999999999998,1.1909999999999998,0.934,0.66,0.515,0.33299999999999996,156.998,146.14600000000002,120.7911,94.7262,66.9371,52.2312,33.7728
76,2.1-19,0.0099,13.4963,18.4064,39.0,8.445,0.2768,51.6,0.0057,0.0055,0.0047,0.0039,0.0031,0.0025,0.0015,0.5735,0.5563,0.4792,0.3995,0.3187,0.2514,0.1556,1.581,1.48,1.275,1.079,0.888,0.711,0.45399999999999996,160.3448,150.1014,129.3103,109.4321,90.0609,72.1095,46.0446
77,2.1-20,0.0097,13.2417,20.9592,39.5,8.445,0.2796,51.8,0.005,0.005,0.0043,0.0033,0.0022,0.0016,0.0009,0.512,0.5156,0.445,0.3363,0.2248,0.1624,0.0912,1.429,1.4,1.207,0.9159999999999999,0.617,0.45399999999999996,0.265,147.7766,144.7777,124.819,94.726,63.8056,46.9493,27.4043
78,2.1-21,0.0098,13.369000000000002,18.9683,38.9,8.445,0.2768,51.6,0.0052,0.0053,0.0046,0.0035,0.0025,0.0018,0.001,0.5345,0.5395,0.4671,0.3549,0.2523,0.1814,0.1003,1.4969999999999999,1.4680000000000002,1.266,0.966,0.6990000000000001,0.512,0.293,153.2242,150.2559,129.5804,98.8741,71.5456,52.4053,29.9898
79,2.1-22,0.01,13.6237,19.0889,39.7,8.445,0.2919,52.7,0.0056,0.0054,0.0045,0.0035,0.0021,0.0013,0.0006,0.5602,0.5415,0.4566,0.3472,0.2087,0.1296,0.0579,1.607,1.4969999999999999,1.271,0.986,0.5920000000000001,0.373,0.17300000000000001,161.5075,150.4523,127.7387,99.0955,59.4975,37.4874,17.3869
80,2.1-23,0.0093,12.7324,18.6442,36.9,8.445,0.2567,50.2,0.0051,0.0049,0.0041,0.003,0.0021,0.0015,0.0009,0.5518,0.5298,0.4456,0.3244,0.2201,0.1615,0.09699999999999999,1.459,1.357,1.145,0.847,0.578,0.431,0.26899999999999996,156.8817,145.914,123.1183,91.0753,62.1505,46.3441,28.9247
81,2.1-24,0.01,13.6237,18.6792,39.5,8.315,0.2934,52.0,0.0053,0.0051,0.0042,0.0032,0.0022,0.0015,0.0008,0.5307,0.5149,0.4216,0.3178,0.2186,0.1542,0.0791,1.525,1.422,1.16,0.8809999999999999,0.618,0.445,0.237,153.2663,142.9146,116.5829,88.5427,62.1106,44.7236,23.8191
82,2.1-25,0.01,13.6237,19.2922,39.8,8.2501,0.2976,51.9,0.0056,0.0055,0.0046,0.0034,0.0021,0.0015,0.0009,0.5587,0.5523,0.4577,0.3442,0.2137,0.15,0.0877,1.579,1.5290000000000001,1.266,0.971,0.601,0.428,0.26,158.6935,153.6683,127.2362,97.5879,60.402,43.0151,26.1307
83,2.1-27,0.0098,13.369000000000002,17.9132,38.4,8.5099,0.2684,51.4,0.0054,0.0052,0.0043,0.0032,0.0021,0.0015,0.0009,0.5482,0.5335,0.4431,0.3244,0.2138,0.1553,0.0927,1.545,1.449,1.2109999999999999,0.898,0.588,0.434,0.26899999999999996,158.1372,148.3112,123.9509,91.914,60.1842,44.4217,27.5333
84,2.1-28,0.0098,13.369000000000002,19.1761,39.0,8.5099,0.3249,55.7,0.0051,0.0043,0.0041,0.0031,0.0019,0.0013,0.0006,0.5235,0.4362,0.4212,0.3136,0.1927,0.1305,0.0648,1.459,1.194,1.1520000000000001,0.867,0.5379999999999999,0.373,0.193,149.3347,122.2109,117.912,88.741,55.0665,38.1781,19.7544
85,2.1-29,0.0095,12.987,20.2586,38.4,8.1851,0.28800000000000003,50.8,0.0049,0.0048,0.0042,0.0033,0.0022,0.0016,0.0009,0.5112,0.5099,0.441,0.3471,0.2337,0.1678,0.0952,1.3969999999999998,1.348,1.166,0.9229999999999999,0.633,0.462,0.272,147.2076,142.0443,122.8662,97.2603,66.7018,48.6828,28.6618
86,2.1-30,0.0098,13.369000000000002,18.1265,38.5,8.445,0.2654,50.8,0.0057,0.0055,0.0048,0.0041,0.0033,0.0025,0.0015,0.5835,0.5652,0.4898,0.4179,0.3381,0.2575,0.1479,1.5759999999999998,1.484,1.2930000000000001,1.122,0.9359999999999999,0.725,0.43,161.3101,151.8936,132.3439,114.8414,95.8035,74.2068,44.0123
87,2.1-31,0.0096,13.1144,20.9184,39.1,8.5099,0.2419,49.6,0.0038,0.0038,0.003,0.002,0.0013,0.0009,0.0004,0.3945,0.3988,0.3119,0.2057,0.1362,0.0887,0.0393,1.0959999999999999,1.0859999999999999,0.852,0.556,0.376,0.252,0.11699999999999999,114.405,113.3612,88.9353,58.0376,39.2484,26.3048,12.2129
88,2.1-32,0.0099,13.4963,17.5608,38.6,8.445,0.27399999999999997,51.4,0.0057,0.0055,0.0045,0.0035,0.0028,0.002,0.001,0.575,0.5546,0.4519,0.3587,0.2854,0.1983,0.1007,1.579,1.4809999999999999,1.2109999999999999,0.976,0.8009999999999999,0.563,0.295,160.142,150.2028,122.8195,98.9858,81.2373,57.0994,29.9189
89,2.1-33,0.0097,13.2417,19.5332,38.8,8.38,0.2668,50.5,0.0057,0.0055,0.0045,0.0037,0.0028,0.0019,0.0009,0.5859,0.57,0.4695,0.3772,0.2941,0.196,0.0973,1.5819999999999999,1.4969999999999999,1.232,1.006,0.81,0.546,0.28,163.5988,154.8087,127.4043,104.0331,83.7642,56.4633,28.9555
90,2.2-1,0.0099,13.4963,24.2345,42.0,8.2501,0.3604,57.0,0.0064,0.0062,0.0061,0.0059,0.0052,0.0041,0.002,0.6489,0.6291,0.6187,0.5941,0.5261,0.4129,0.1993,1.7619999999999998,1.663,1.651,1.6119999999999999,1.473,1.176,0.578,178.7018,168.6613,167.4442,163.4888,149.3915,119.2698,58.6207
91,2.2-2,0.0099,13.4963,24.2345,42.0,8.2501,0.3604,57.0,0.0055,0.0056,0.0051,0.0049,0.004,0.003,0.0017,0.5612,0.5665,0.5168,0.4932,0.4053,0.2992,0.1716,1.545,1.5130000000000001,1.3780000000000001,1.338,1.133,0.847,0.498,156.6937,153.4483,139.7566,135.6998,114.9087,85.9026,50.5071
92,2.2-3,0.0097,13.2417,25.664,42.0,8.38,0.3504,57.0,0.0061,0.0058,0.0052,0.0045,0.0035,0.0025,0.0014,0.6275,0.6004,0.5405,0.4609,0.3654,0.2539,0.1493,1.679,1.555,1.406,1.215,0.993,0.696,0.42,173.6298,160.8066,145.3981,125.6463,102.6887,71.9752,43.4333
93,2.2-4,0.0096,13.1144,26.3788,42.0,8.445,0.3453,57.0,0.0044,0.0046,0.0038,0.003,0.0024,0.0018,0.001,0.4581,0.4767,0.3926,0.3086,0.2458,0.1822,0.109,1.234,1.265,1.026,0.81,0.6659999999999999,0.502,0.31,128.81,132.0459,107.0981,84.5512,69.5198,52.4008,32.3591
94,2.2-5,0.0097,13.2417,25.664,42.0,8.2501,0.3604,57.0,0.0062,0.006,0.0055,0.0049,0.0041,0.003,0.0016,0.6432,0.6154,0.5651,0.5101,0.4283,0.3145,0.1646,1.714,1.5959999999999999,1.476,1.354,1.173,0.873,0.47,177.2492,165.0465,152.637,140.0207,121.303,90.2792,48.6039
95,2.2-7,0.0092,12.6051,26.616999999999997,40.5,8.5099,0.3449,57.4,0.0047,0.0046,0.0038,0.0031,0.0025,0.0019,0.0013,0.5127,0.5017,0.4129,0.3309,0.2655,0.2043,0.138,1.339,1.261,1.0270000000000001,0.8290000000000001,0.685,0.535,0.37200000000000005,145.3855,136.9164,111.5092,90.0109,74.3757,58.089,40.3909
96,2.2-8,0.0092,12.6051,20.7464,37.5,8.5099,0.3321,56.3,0.005,0.0049,0.0042,0.0035,0.0028,0.0022,0.0014,0.5445,0.5362,0.45899999999999996,0.3835,0.3078,0.2397,0.1493,1.425,1.351,1.149,0.966,0.797,0.63,0.40299999999999997,154.7231,146.6884,124.7557,104.88600000000001,86.5364,68.4039,43.7568
97,2.2-9,0.0095,12.987,23.4482,40.0,8.5099,0.3426,57.2,0.0059,0.0054,0.0049,0.0043,0.0039,0.0032,0.002,0.6159,0.5658,0.5115,0.4557,0.4092,0.3392,0.2145,1.619,1.439,1.3019999999999998,1.1740000000000002,1.089,0.9179999999999999,0.591,170.6006,151.6333,137.1971,123.7092,114.7524,96.7334,62.2761
98,2.2-10,0.0095,12.987,32.7017,45.5,8.7048,0.3228,56.8,0.0058,0.0054,0.0048,0.0043,0.0037,0.003,0.0019,0.6153,0.5642,0.5041,0.4487,0.39399999999999996,0.3126,0.1954,1.618,1.432,1.28,1.155,1.046,0.841,0.537,170.4953,150.8957,134.8788,121.7071,110.2213,88.6196,56.5859
99,2.2-11,0.0096,13.1144,24.5831,41.0,8.445,0.3599,58.3,0.006,0.0056,0.0051,0.0046,0.0038,0.003,0.0018,0.6279,0.5835,0.5271,0.4762,0.3962,0.3097,0.1925,1.669,1.493,1.355,1.244,1.065,0.845,0.536,174.2171,155.8455,141.4405,129.8539,111.1691,88.2046,55.9499
100,2.2-13,0.0096,13.1144,18.8428,38.1,8.38,0.3,52.9,0.0048,0.0047,0.0038,0.0027,0.0019,0.0012,0.0006,0.5013,0.4921,0.3929,0.28600000000000003,0.1937,0.1269,0.0635,1.3880000000000001,1.319,1.05,0.7709999999999999,0.532,0.35600000000000004,0.18600000000000003,144.8852,137.6827,109.6033,80.4802,55.5324,37.1608,19.4155
101,2.2-14,0.0097,13.2417,19.7401,38.9,8.5749,0.3294,56.5,0.0053,0.0053,0.0045,0.0034,0.0022,0.0014,0.0007,0.5443,0.5491,0.4605,0.34600000000000003,0.2279,0.145,0.0752,1.505,1.459,1.2209999999999999,0.9259999999999999,0.625,0.40399999999999997,0.217,155.636,150.879,126.2668,95.7601,64.6329,41.7787,22.4405
102,2.2-15,0.0093,12.7324,18.6442,36.9,8.5749,0.3123,55.1,0.005,0.0051,0.0042,0.0032,0.0021,0.0013,0.0007,0.5393,0.5474,0.4511,0.3463,0.225,0.141,0.0727,1.429,1.3940000000000001,1.149,0.8959999999999999,0.596,0.37799999999999995,0.20199999999999999,153.6559,149.8925,123.5484,96.3441,64.086,40.6452,21.7204
103,2.2-16,0.0098,13.369000000000002,20.6012,39.7,8.5099,0.2449,49.8,0.0054,0.0052,0.0043,0.0032,0.002,0.0014,0.0007,0.5511,0.5333,0.4415,0.3267,0.2073,0.1381,0.068,1.548,1.446,1.203,0.9059999999999999,0.574,0.39,0.2,158.4442,148.0041,123.132,92.7329,58.7513,39.9181,20.4708
104,2.2-17,0.0094,12.8597,17.3828,36.7,8.445,0.3252,55.3,0.005,0.005,0.0044,0.0035,0.0024,0.0016,0.0008,0.5272,0.5311,0.4682,0.3725,0.2527,0.1665,0.0883,1.406,1.3769999999999998,1.2109999999999999,0.972,0.677,0.45299999999999996,0.249,149.7338,146.6454,128.967,103.5144,72.098,48.2428,26.5176
105,2.2-18,0.0094,12.8597,18.2736,37.1,8.445,0.3276,55.5,0.005,0.0049,0.0042,0.0033,0.0022,0.0014,0.0008,0.5369,0.5243,0.4481,0.3497,0.2305,0.152,0.0894,1.442,1.344,1.148,0.907,0.615,0.41200000000000003,0.251,153.5676,143.131,122.2577,96.5921,65.4952,43.8765,26.7306
106,2.2-19,0.0097,13.2417,20.3543,39.2,8.445,0.3276,55.5,0.0057,0.0058,0.0054,0.0047,0.0035,0.0022,0.001,0.5922,0.6034,0.5552,0.4873,0.359,0.2271,0.106,1.594,1.5759999999999998,1.463,1.308,0.9890000000000001,0.633,0.303,164.8397,162.9783,151.2927,135.2637,102.2751,65.4602,31.334
107,2.2-20,0.0099,13.4963,20.0464,39.8,8.445,0.2946,52.9,0.0053,0.0053,0.0046,0.0037,0.0027,0.0019,0.0011,0.5346,0.5361,0.4693,0.373,0.2713,0.1924,0.1071,1.518,1.453,1.2690000000000001,1.0190000000000001,0.76,0.547,0.314,153.9554,147.3631,128.7018,103.3469,77.0791,55.4767,31.8458
108,2.2-21,0.0096,13.1144,19.4768,38.4,8.5099,0.31,54.5,0.0053,0.0053,0.0044,0.0034,0.0023,0.0015,0.0008,0.5536,0.5568,0.4599,0.3574,0.2437,0.1612,0.0865,1.506,1.469,1.213,0.951,0.665,0.446,0.249,157.2025,153.3403,126.618,99.2693,69.4155,46.5553,25.9917
109,2.2-24,0.0098,13.369000000000002,21.3932,40.1,8.5099,0.3151,54.9,0.0059,0.0057,0.0052,0.0048,0.0038,0.0024,0.0011,0.6005,0.5812,0.5354,0.49,0.3928,0.2487,0.1095,1.631,1.5330000000000001,1.423,1.324,1.0959999999999999,0.698,0.315,166.9396,156.9089,145.65,135.5169,112.1801,71.4432,32.2416
110,2.2-25,0.0095,12.987,19.4192,38.0,8.5099,0.2479,50.0,0.0054,0.0053,0.0044,0.0036,0.0028,0.0019,0.0009,0.5662,0.5568,0.46299999999999997,0.3756,0.2899,0.1984,0.0993,1.526,1.454,1.203,0.988,0.785,0.547,0.28300000000000003,160.8008,153.2139,126.765,104.1096,82.7187,57.6396,29.8209
111,2.2-29,0.0095,12.987,17.907,37.3,8.5749,0.3376,57.2,0.0052,0.0053,0.0045,0.0039,0.0028,0.0018,0.0008,0.5449,0.5528,0.4758,0.4115,0.2897,0.1865,0.0894,1.4569999999999999,1.443,1.24,1.089,0.784,0.512,0.254,153.53,152.0548,130.6639,114.7524,82.6133,53.9515,26.765
112,2.2-31,0.0097,13.2417,22.1419,40.1,8.5749,0.2267,49.0,0.0053,0.005,0.0042,0.0033,0.0024,0.0018,0.001,0.5458,0.5206,0.4321,0.3359,0.2491,0.1834,0.10099999999999999,1.5030000000000001,1.396,1.1540000000000001,0.9059999999999999,0.687,0.516,0.29600000000000004,155.4292,144.364,119.3382,93.6918,71.0445,53.3609,30.6101
113,2.2-32,0.0099,13.4963,22.5754,41.1,8.6398,0.2365,50.0,0.0046,0.0044,0.0035,0.0024,0.0017,0.0012,0.0006,0.46399999999999997,0.4442,0.3545,0.2476,0.1768,0.1185,0.0564,1.327,1.2329999999999999,0.988,0.6859999999999999,0.504,0.34700000000000003,0.172,134.5842,125.0507,100.2028,69.574,51.1156,35.1927,17.4442
114,2.2-33,0.0096,13.1144,23.4631,40.4,8.445,0.2919,52.7,0.0054,0.0052,0.0044,0.0036,0.0027,0.0018,0.0009,0.5621,0.542,0.4557,0.3799,0.2801,0.1839,0.0943,1.524,1.4180000000000001,1.187,1.003,0.765,0.51,0.271,159.0814,148.0167,123.904,104.6973,79.8539,53.2359,28.2881
115,2.3-1,0.0097,13.2417,30.6198,45.0,8.2501,0.4024,61.0,0.0064,0.0061,0.0059,0.0056,0.0051,0.0036,0.0013,0.6644,0.6354,0.6109,0.5813,0.5229,0.3724,0.1319,1.765,1.651,1.599,1.545,1.4340000000000002,1.038,0.38,182.5233,170.7342,165.3568,159.7725,148.2937,107.3423,39.2968
116,2.3-3,0.0098,13.369000000000002,29.9526,45.0,8.38,0.39299999999999996,61.0,0.0063,0.0059,0.0057,0.0057,0.0052,0.0043,0.0025,0.6398,0.6055,0.5837,0.5832,0.5354,0.4446,0.2577,1.72,1.58,1.5330000000000001,1.56,1.476,1.249,0.738,176.0491,161.7196,156.9089,159.6725,151.0747,127.8403,75.5374
117,2.3-4,0.0097,13.2417,30.6198,45.0,8.1851,0.4071,61.0,0.0063,0.006,0.006,0.0057,0.0053,0.0045,0.0025,0.6554,0.6213,0.6149,0.5924,0.5464,0.4624,0.2535,1.7480000000000002,1.607,1.605,1.569,1.4909999999999999,1.291,0.723,180.7653,166.1841,165.9773,162.2544,154.1882,133.5057,74.7673
118,2.3-5,0.0098,13.369000000000002,29.9526,45.0,8.315,0.3977,61.0,0.0062,0.006,0.0057,0.0055,0.0047,0.0035,0.0017,0.6298,0.6105,0.5879,0.5579,0.4827,0.3571,0.1753,1.6840000000000002,1.6,1.555,1.499,1.339,1.0,0.5,172.3644,163.7666,159.1607,153.4289,137.0522,102.3542,51.1771
119,2.3-6,0.0099,13.4963,29.2855,45.0,8.1851,0.4071,61.0,0.0065,0.0063,0.0061,0.0058,0.0053,0.004,0.0016,0.6547,0.6374,0.6155,0.5894,0.5397,0.4041,0.1589,1.778,1.6840000000000002,1.639,1.5919999999999999,1.501,1.141,0.46,180.3245,170.7911,166.2272,161.4605,152.2312,115.7201,46.6531
120,2.3-7,0.0099,13.4963,33.7052,48.0,8.5749,0.3123,55.1,0.0062,0.006,0.0059,0.0057,0.0052,0.0042,0.0022,0.6317,0.6107,0.5981,0.5773,0.5294,0.4287,0.2185,1.712,1.611,1.5919999999999999,1.561,1.476,1.218,0.629,173.6308,163.3874,161.4605,158.3164,149.6957,123.5294,63.7931
121,2.3-8,0.0095,12.987,37.5088,49.0,8.445,0.3325,55.9,0.0062,0.0059,0.0057,0.0054,0.0051,0.0043,0.0024,0.6548,0.6215,0.5962,0.5648,0.5343,0.4525,0.257,1.7169999999999999,1.577,1.528,1.475,1.452,1.272,0.735,180.9273,166.1749,161.0116,155.4268,153.0032,134.0358,77.45
122,2.3-9,0.01,13.6237,28.6184,45.0,8.5749,0.3353,57.0,0.0063,0.006,0.0057,0.0055,0.0052,0.0044,0.0026,0.634,0.6015,0.5767,0.5493,0.5267,0.4417,0.2603,1.7380000000000002,1.599,1.546,1.496,1.484,1.27,0.7609999999999999,174.6734,160.7035,155.3769,150.3518,149.1457,127.6382,76.4824
123,2.3-10,0.0099,13.4963,28.491,44.5,8.445,0.3407,56.6,0.0064,0.0061,0.006,0.0058,0.0054,0.0044,0.002,0.6512,0.6213,0.6073,0.5907,0.5447,0.4428,0.2062,1.77,1.639,1.6159999999999999,1.597,1.518,1.258,0.597,179.5132,166.2272,163.8945,161.9676,153.9554,127.5862,60.5477
124,2.3-11,0.0099,13.4963,32.2946,47.0,8.5749,0.3222,55.9,0.0064,0.0061,0.006,0.0056,0.0049,0.0037,0.0016,0.6497,0.6222,0.6033,0.5678,0.4981,0.3714,0.1589,1.768,1.652,1.619,1.55,1.4040000000000001,1.067,0.469,179.3103,167.5456,164.1988,157.2008,142.3935,108.215,47.5659
125,2.3-15,0.0098,13.369000000000002,35.4071,48.8,8.38,0.3092,53.6,0.0063,0.0061,0.0057,0.0052,0.004,0.0017,0.0005,0.6397,0.6267,0.5782,0.5291,0.4103,0.1781,0.0483,1.725,1.655,1.5390000000000001,1.433,1.147,0.508,0.142,176.5609,169.3961,157.523,146.6735,117.4002,51.9959,14.5343
126,2.3-16,0.01,13.6237,26.6627,43.8,8.2501,0.3693,57.8,0.006,0.0056,0.0049,0.0043,0.0037,0.0031,0.0019,0.5982,0.5658,0.496,0.4322,0.3763,0.312,0.1905,1.655,1.524,1.328,1.173,1.058,0.893,0.561,166.3317,153.1658,133.4673,117.8895,106.3317,89.7487,56.3819
127,2.3-17,0.0099,13.4963,27.8424,44.1,8.315,0.3588,57.3,0.0062,0.0057,0.0053,0.0049,0.0044,0.0039,0.0023,0.6243,0.5812,0.5329,0.4917,0.45,0.3951,0.228,1.7662,1.5794,1.4551,1.3648,1.2919999999999998,1.1621,0.687,179.1254,160.1838,147.5783,138.4186,131.0384,117.861,69.6773
128,2.3-18,0.01,13.6237,31.0693,46.6,8.2501,0.3311,54.5,0.0063,0.0058,0.0051,0.0044,0.0039,0.0033,0.0019,0.6306,0.583,0.5115,0.4424,0.3957,0.3288,0.1916,1.7649,1.5895,1.3969,1.2269,1.1399,0.9723,0.5864,177.3767,159.7491,140.3947,123.3031,114.5647,97.7219,58.9336
129,2.3-19,0.0099,13.4963,34.1169,48.3,8.1851,0.3472,55.4,0.0062,0.0061,0.0058,0.0054,0.0046,0.0026,0.0007,0.6324,0.618,0.5827,0.5423,0.4664,0.2644,0.0701,1.7729,1.6902,1.608,1.5206,1.3522,0.7765,0.2135,179.8115,171.4202,163.0793,154.2138,137.1421,78.7506,21.651
130,2.3-20,0.01,13.6237,32.2327,47.4,8.2501,0.3237,53.9,0.0064,0.0061,0.0059,0.0057,0.0052,0.0039,0.0014,0.6433,0.6125,0.5920000000000001,0.5771,0.5225,0.3901,0.1391,1.81,1.6668,1.6237,1.6103,1.5032,1.1437,0.4231,181.9085,167.5161,163.181,161.8366,151.0749,114.9419,42.527
131,2.3-22,0.01,13.6237,31.0693,46.6,8.315,0.3565,57.1,0.0061,0.0058,0.0052,0.0046,0.0039,0.003,0.0018,0.6097,0.5775,0.5263,0.4638,0.3887,0.3001,0.1778,1.7167,1.578,1.4378,1.2861,1.1162,0.8759,0.5333,172.5361,158.5942,144.5065,129.2517,112.1847,88.0345,53.5945
132,2.3-23,0.01,13.751,27.4677,44.7,8.2501,0.3582,56.8,0.0063,0.0061,0.0057,0.0054,0.0046,0.0026,0.0008,0.6273,0.6067,0.5646,0.5372,0.4603,0.2604,0.0812,1.7573,1.6576,1.5562,1.5089,1.3353,0.7614,0.2442,175.0251,165.0992,154.9997,150.2903,132.9954,75.8326,24.3246
133,2.3-25,0.01,13.6237,31.5102,46.9,8.1851,0.32899999999999996,53.9,0.0062,0.0061,0.0059,0.0056,0.0049,0.0038,0.0018,0.6269,0.6127,0.59,0.5598,0.4908,0.3856,0.1831,1.75,1.6725,1.6269,1.5709,1.4217,1.1396,0.5544,175.8794,168.0899,163.5041,157.8746,142.8818,114.5352,55.7157
134,2.3-26,0.01,13.751,27.7908,44.9,8.445,0.3643,58.7,0.0064,0.0062,0.006,0.0057,0.005,0.0036,0.0013,0.6339,0.6148,0.5932,0.5631,0.5012,0.35600000000000004,0.129,1.771,1.6780000000000002,1.635,1.5773,1.4472,1.0411,0.3871,176.3918,167.1297,162.8527,157.0988,144.1435,103.6958,38.5577
135,2.3-27,0.01,13.751,31.3095,47.2,8.2501,0.3593,56.9,0.0063,0.0061,0.006,0.0057,0.005,0.0028,0.0007,0.626,0.6089,0.5944,0.5634,0.4931,0.27699999999999997,0.0743,1.7444,1.6583,1.6358,1.5764,1.4259,0.8107,0.2244,173.7492,165.17,162.9254,157.0079,142.0242,80.74600000000001,22.3528
136,2.3-28,0.01,13.751,29.2098,45.8,8.1202,0.3428,54.6,0.0063,0.0057,0.0051,0.0043,0.0033,0.0024,0.0015,0.622,0.5704,0.5102,0.4313,0.3296,0.2369,0.14400000000000002,1.7429,1.5552,1.3906,1.1923,0.9397,0.6857,0.4304,173.5967,154.8987,138.5038,118.7542,93.5962,68.2968,42.8691
137,2.3-29,0.0097,13.2417,35.0912,48.1,8.315,0.3107,53.3,0.006,0.0056,0.0052,0.0048,0.0042,0.0035,0.002,0.6189,0.5773,0.5372,0.4919,0.4361,0.364,0.2105,1.7409999999999999,1.5744,1.4727,1.3741,1.2619,1.0786,0.6438,180.0439,162.814,152.2903,142.1001,130.4992,111.5409,66.5805
138,2.3-30,0.0098,13.369000000000002,34.4671,48.1,8.38,0.3435,56.4,0.0054,0.0056,0.005,0.0045,0.0037,0.0027,0.0011,0.5523,0.5722,0.511,0.4607,0.3791,0.2771,0.115,1.547,1.5896,1.4199,1.3074,1.1144,0.8331,0.3594,158.3437,162.7047,145.3273,133.8172,114.0667,85.2747,36.7904
139,2.3-32,0.0096,13.1144,27.0733,42.4,8.38,0.3053,53.3,0.0051,0.0051,0.0042,0.0032,0.0024,0.0018,0.0011,0.537,0.5361,0.4416,0.3292,0.2476,0.18600000000000003,0.1116,1.5161,1.5103,1.2366,0.9249,0.7115,0.547,0.3432,158.2521,157.6465,129.0774,96.5479,74.2673,57.0937,35.8199
140,3.1-1,0.0111,15.1516,22.3388,46.0,10.3938,0.2934,65.0,0.0067,0.0062,0.005,0.004,0.003,0.0023,0.0015,0.6007,0.5609,0.4483,0.3631,0.2737,0.2089,0.1351,1.8419999999999999,1.6680000000000001,1.3359999999999999,1.09,0.8390000000000001,0.652,0.435,166.3957,150.6775,120.6865,98.4643,75.7904,58.8979,39.2954
141,3.1-2,0.0112,15.2789,21.6862,46.0,10.3938,0.2934,65.0,0.0062,0.0059,0.0049,0.0033,0.0023,0.0016,0.0009,0.5528,0.5303,0.4427,0.2979,0.2026,0.1386,0.0836,1.7519999999999998,1.63,1.379,0.903,0.631,0.441,0.278,156.9893,146.0574,123.5663,80.914,56.5412,39.5161,24.9104
142,3.1-5,0.0111,15.1516,22.3388,46.0,10.3288,0.2978,65.0,0.0066,0.0062,0.005,0.0039,0.0027,0.002,0.0013,0.5979,0.5567,0.4538,0.3508,0.2401,0.18,0.1127,1.838,1.659,1.369,1.053,0.7340000000000001,0.562,0.365,166.0343,149.8645,123.6676,95.12200000000001,66.3053,50.7678,32.972
143,3.1-8,0.011000000000000001,15.0242,20.5741,44.6,10.2639,0.28800000000000003,63.7,0.0044,0.0045,0.0037,0.0027,0.0017,0.001,0.0004,0.3992,0.4103,0.3344,0.248,0.1541,0.0893,0.0375,1.188,1.244,1.008,0.76,0.48700000000000004,0.289,0.125,108.2954,113.4002,91.887,69.2799,44.3938,26.3446,11.3947
144,3.1-10,0.0114,15.6609,19.2014,45.7,10.3938,0.2733,63.2,0.0044,0.0042,0.0028,0.0013,0.0006,0.0004,0.0001,0.3855,0.3642,0.2453,0.1148,0.0561,0.0312,0.012,1.262,1.1909999999999998,0.82,0.379,0.19,0.109,0.044000000000000004,110.3147,104.1084,71.6783,33.1294,16.6084,9.527999999999999,3.8462
145,3.1-11,0.0114,15.6609,20.9315,46.7,10.4588,0.2756,63.8,0.004,0.0037,0.0024,0.0011,0.0005,0.0003,0.0001,0.3516,0.3259,0.2107,0.0968,0.046,0.0238,0.0081,1.175,1.073,0.703,0.319,0.157,0.084,0.03,102.7098,93.7937,61.4511,27.8846,13.7238,7.3427,2.6224
146,3.1-12,0.0114,15.6609,20.2484,46.3,10.2639,0.318,66.5,0.0068,0.0067,0.0062,0.0055,0.0025,0.0011,0.0004,0.5932,0.5888,0.5437,0.4804,0.2169,0.0922,0.0319,1.858,1.82,1.703,1.5419999999999998,0.7090000000000001,0.309,0.11,162.4126,159.0909,148.8636,134.7902,61.9755,27.0105,9.6154
147,3.1-13,0.0114,15.5335,20.0333,45.8,10.3288,0.2419,60.2,0.0065,0.006,0.0045,0.0031,0.0019,0.0012,0.0005,0.5705,0.5285,0.3961,0.2705,0.1674,0.1047,0.045,1.796,1.6369999999999998,1.24,0.855,0.545,0.35100000000000003,0.16,158.2379,144.2291,109.2511,75.3304,48.0176,30.9251,14.0969
148,3.1-14,0.0114,15.5335,18.6116,45.0,10.3288,0.2639,62.0,0.0065,0.0066,0.0055,0.0044,0.0028,0.0017,0.0008,0.5694,0.5791,0.486,0.3891,0.2489,0.1517,0.0687,1.7919999999999998,1.797,1.521,1.245,0.8170000000000001,0.509,0.242,157.8855,158.326,134.0088,109.6916,71.9824,44.8458,21.3216
149,3.1-15,0.0114,15.6609,19.9025,46.1,10.3288,0.2662,62.2,0.0053,0.0054,0.0044,0.0031,0.002,0.0013,0.0006,0.4645,0.4749,0.3866,0.2745,0.1708,0.1102,0.0487,1.535,1.524,1.24,0.88,0.56,0.371,0.17,134.1783,133.2168,108.3916,76.9231,48.9511,32.4301,14.8601
150,3.1-16,0.0114,15.6609,19.5534,45.9,10.3288,0.27899999999999997,63.3,0.0067,0.0066,0.0058,0.0052,0.0035,0.0021,0.0008,0.5869,0.5793,0.5086,0.4526,0.3084,0.1821,0.0717,1.8619999999999999,1.8,1.5930000000000002,1.449,1.014,0.611,0.25,162.7622,157.3427,139.2483,126.6608,88.6364,53.4091,21.8532
151,3.1-17,0.0114,15.6609,20.7619,46.6,10.3938,0.258,61.9,0.0047,0.0047,0.0038,0.0028,0.0013,0.0007,0.0003,0.4094,0.4069,0.3344,0.2412,0.1143,0.0571,0.0233,1.3330000000000002,1.3119999999999998,1.083,0.784,0.38,0.195,0.08199999999999999,116.521,114.6853,94.6678,68.5315,33.2168,17.0455,7.1678
152,3.1-18,0.0114,15.6609,19.3778,45.8,10.3288,0.28800000000000003,64.1,0.0059,0.0056,0.0045,0.0029,0.0015,0.0009,0.0003,0.5136,0.4894,0.3897,0.2511,0.1334,0.0753,0.0293,1.672,1.5759999999999998,1.2570000000000001,0.813,0.44,0.256,0.10400000000000001,146.1539,137.7622,109.8776,71.0664,38.4615,22.3776,9.0909
153,3.1-19,0.0114,15.6609,19.0242,45.6,10.3288,0.2406,60.1,0.005,0.0048,0.0039,0.0026,0.0013,0.0007,0.0003,0.439,0.4217,0.3434,0.22899999999999998,0.1141,0.0592,0.0224,1.442,1.3559999999999999,1.111,0.7440000000000001,0.38,0.20199999999999999,0.08,126.04899999999999,118.5315,97.1154,65.035,33.2168,17.6573,6.992999999999999
154,3.1-20,0.0112,15.2789,23.0249,46.8,10.3288,0.2924,64.5,0.0054,0.005,0.0039,0.0024,0.0011,0.0005,0.0002,0.4793,0.4514,0.3473,0.2149,0.0957,0.0452,0.0161,1.5719999999999998,1.425,1.103,0.6859999999999999,0.315,0.153,0.057,140.8602,127.6882,98.8351,61.4695,28.2258,13.7097,5.1075
155,3.1-21,0.011000000000000001,15.0242,19.6736,44.1,10.3938,0.271,63.0,0.0047,0.0049,0.0039,0.0026,0.0012,0.0006,0.0002,0.4249,0.4438,0.3564,0.2398,0.1086,0.053,0.0212,1.308,1.371,1.099,0.745,0.34600000000000003,0.17300000000000001,0.07200000000000001,119.2343,124.9772,100.1823,67.9125,31.5406,15.7703,6.5634
156,3.1-22,0.011000000000000001,15.0242,22.4859,45.7,10.3288,0.2444,60.4,0.0052,0.0045,0.0034,0.0021,0.0011,0.0006,0.0002,0.4726,0.4078,0.3101,0.1914,0.0954,0.0519,0.0183,1.5219999999999998,1.284,0.978,0.602,0.307,0.17300000000000001,0.064,138.74200000000002,117.0465,89.1522,54.8769,27.9854,15.7703,5.8341
157,3.1-23,0.0114,15.5335,18.6116,45.0,10.3288,0.2924,64.5,0.0054,0.0056,0.0044,0.0032,0.0017,0.0009,0.0003,0.474,0.4917,0.3871,0.2828,0.1501,0.0776,0.0276,1.5438,1.551,1.225,0.912,0.495,0.263,0.098,136.015,136.65200000000002,107.9295,80.3524,43.6123,23.1718,8.6344
158,3.1-24,0.0113,15.4062,18.737000000000002,44.7,10.3288,0.2639,62.0,0.0048,0.0045,0.0032,0.0018,0.0008,0.0004,0.0002,0.4251,0.3991,0.2854,0.16,0.0736,0.039,0.0141,1.3659999999999999,1.281,0.927,0.521,0.245,0.134,0.051,121.4222,113.8667,82.4,46.3111,21.7778,11.9111,4.5333
159,3.1-26,0.0114,15.5335,20.7256,46.2,10.3938,0.2384,60.3,0.0057,0.0054,0.0043,0.0025,0.0013,0.0007,0.0002,0.4998,0.4726,0.3752,0.2239,0.1122,0.0614,0.021,1.651,1.507,1.209,0.725,0.369,0.209,0.075,145.4626,132.7753,106.5198,63.8767,32.510999999999996,18.4141,6.6079
160,3.1-27,0.0114,15.5335,19.3287,45.4,10.3938,0.2446,60.8,0.0054,0.0051,0.0039,0.0023,0.0011,0.0005,0.0002,0.4793,0.4477,0.3418,0.2063,0.0926,0.0437,0.016,1.5759999999999998,1.4369999999999998,1.1,0.6679999999999999,0.308,0.151,0.057999999999999996,138.8546,126.6079,96.9163,58.8546,27.1366,13.304,5.1101
161,3.2-1,0.0111,15.1516,27.0936,49.0,10.4588,0.3398,70.0,0.0069,0.0064,0.0049,0.0039,0.0029,0.0021,0.0013,0.6202,0.5812,0.44299999999999995,0.348,0.2594,0.1906,0.1192,1.9080000000000001,1.7469999999999999,1.32,1.052,0.8029999999999999,0.601,0.39,172.3577,157.8139,119.2412,95.0316,72.5384,54.2909,35.2304
162,3.2-4,0.0114,15.1516,27.0936,49.0,10.3938,0.3439,70.0,0.0069,0.0064,0.0053,0.0041,0.0026,0.0017,0.0009,0.6059,0.5569,0.4619,0.3543,0.2239,0.14400000000000002,0.0764,1.921,1.71,1.422,1.1059999999999999,0.7120000000000001,0.466,0.258,167.9196,149.4755,124.3007,96.6783,62.2378,40.7343,22.5525
163,3.2-5,0.0113,15.6609,24.6429,49.0,10.3938,0.3439,70.0,0.0073,0.0067,0.0057,0.0048,0.0033,0.0023,0.0014,0.6476,0.5953,0.5056,0.4225,0.2966,0.2066,0.1251,2.0269999999999997,1.808,1.537,1.308,0.937,0.6629999999999999,0.415,180.1778,160.7111,136.6222,116.2667,83.2889,58.9333,36.8889
164,3.2-6,0.0115,15.4062,25.8682,49.0,10.3288,0.348,70.0,0.0073,0.0068,0.0062,0.0051,0.0037,0.0025,0.0015,0.6338,0.5894,0.5338,0.4416,0.3193,0.2192,0.1255,2.0269999999999997,1.8230000000000002,1.661,1.393,1.032,0.722,0.42700000000000005,175.8023,158.1093,144.059,120.8153,89.5056,62.6193,37.0338
165,3.2-8,0.0115,15.5335,20.0333,45.8,10.2639,0.2685,62.0,0.0044,0.0046,0.0038,0.0026,0.0015,0.0009,0.0004,0.3824,0.3999,0.3282,0.2265,0.1312,0.0814,0.0362,1.2429999999999999,1.29,1.061,0.7290000000000001,0.429,0.273,0.127,107.8057,111.8821,92.0208,63.2264,37.2073,23.6774,11.0147
166,3.2-10,0.0116,15.9155,18.6001,46.1,10.3288,0.2543,61.2,0.0042,0.0042,0.0029,0.0018,0.0009,0.0005,0.0002,0.3625,0.3589,0.2516,0.1523,0.0755,0.0396,0.0152,1.196,1.199,0.848,0.51,0.259,0.14,0.055999999999999994,102.8375,103.0954,72.9149,43.8521,22.27,12.0378,4.8151
167,3.2-11,0.0114,15.5335,18.9718,45.2,10.2639,0.2626,61.5,0.0051,0.0053,0.0044,0.0034,0.0016,0.0008,0.0003,0.4448,0.4663,0.3829,0.2981,0.1389,0.0667,0.0271,1.433,1.483,1.2109999999999999,0.958,0.456,0.22399999999999998,0.095,126.2555,130.6608,106.696,84.4053,40.1762,19.7357,8.37
168,3.2-12,0.0116,15.9155,19.3003,46.5,10.2639,0.2553,60.9,0.005,0.0051,0.0037,0.0023,0.0015,0.001,0.0004,0.4254,0.4373,0.3207,0.1964,0.1282,0.0882,0.0375,1.368,1.445,1.069,0.645,0.43200000000000005,0.307,0.13699999999999998,117.6268,124.2476,91.9175,55.46,37.1453,26.3973,11.7799
169,3.2-13,0.0115,15.7882,18.3658,45.6,10.2639,0.2697,62.1,0.0062,0.0061,0.0049,0.0038,0.0023,0.0015,0.0007,0.5339,0.5291,0.4261,0.3295,0.1993,0.1296,0.0623,1.745,1.69,1.3630000000000002,1.07,0.6579999999999999,0.43799999999999994,0.221,151.3443,146.5742,118.2134,92.8014,57.0685,37.9879,19.1674
170,3.2-14,0.0114,15.6609,19.2014,45.7,10.2639,0.2601,61.3,0.0046,0.0045,0.0035,0.0018,0.0009,0.0006,0.0003,0.3986,0.3922,0.3016,0.1562,0.0815,0.0535,0.0221,1.273,1.2790000000000001,0.997,0.511,0.27,0.184,0.08,111.2762,111.8007,87.1504,44.6678,23.6014,16.0839,6.992999999999999
171,3.2-16,0.0115,15.7882,19.7733,46.4,10.5237,0.2711,63.8,0.0058,0.0057,0.0046,0.0033,0.002,0.0012,0.0005,0.5056,0.4913,0.4007,0.2821,0.1687,0.1064,0.0453,1.689,1.581,1.305,0.9259999999999999,0.5589999999999999,0.361,0.16,146.4874,137.1206,113.18299999999999,80.3122,48.4822,31.3096,13.8768
172,3.2-17,0.0113,15.4062,19.6359,45.2,10.4588,0.2618,62.6,0.0061,0.006,0.0049,0.0038,0.0023,0.0015,0.0007,0.5415,0.5302,0.4384,0.3386,0.2064,0.1323,0.0602,1.7180000000000002,1.649,1.374,1.069,0.6629999999999999,0.435,0.207,152.7111,146.5778,122.1333,95.0222,58.9333,38.6667,18.4
173,3.2-18,0.0114,15.5335,19.506,45.5,10.3288,0.2579,61.5,0.0051,0.0047,0.0034,0.0022,0.0012,0.0007,0.0002,0.4449,0.4096,0.3024,0.1977,0.1067,0.0592,0.0215,1.4609999999999999,1.311,0.987,0.643,0.354,0.203,0.077,128.7225,115.5066,86.9604,56.652,31.1894,17.8855,6.7841
174,3.2-19,0.0114,15.6609,19.2014,45.7,10.3938,0.2568,61.8,0.0059,0.006,0.005,0.0036,0.0022,0.0014,0.0006,0.5135,0.5227,0.4351,0.3109,0.1944,0.1239,0.0509,1.6909999999999998,1.662,1.3980000000000001,1.002,0.637,0.41600000000000004,0.179,147.8147,145.2797,122.2028,87.5874,55.6818,36.3636,15.6469
175,3.2-20,0.0114,15.6609,19.0242,45.6,10.3938,0.258,61.9,0.0064,0.0063,0.0052,0.0044,0.0027,0.0017,0.0007,0.5595,0.5532,0.4567,0.3802,0.2324,0.1439,0.0597,1.794,1.745,1.443,1.222,0.762,0.483,0.21,156.8182,152.535,126.1364,106.8182,66.6084,42.2203,18.3566
176,3.2-21,0.0114,15.6609,19.2014,45.7,10.3938,0.252,61.4,0.0058,0.006,0.0051,0.0042,0.0028,0.0017,0.0007,0.5071,0.5272,0.4454,0.3688,0.2447,0.1455,0.0615,1.656,1.661,1.409,1.183,0.802,0.486,0.213,144.7552,145.1923,123.1643,103.4091,70.1049,42.4825,18.6189
177,3.2-22,0.0114,15.5335,19.8583,45.7,10.4588,0.2606,62.5,0.0049,0.0042,0.0029,0.0016,0.0008,0.0004,0.0001,0.4282,0.3659,0.255,0.1366,0.0687,0.0356,0.0123,1.426,1.186,0.8390000000000001,0.44299999999999995,0.22899999999999998,0.12300000000000001,0.045,125.6388,104.4934,73.9207,39.0308,20.1762,10.837,3.9648
178,3.2-23,0.011000000000000001,15.0242,21.4546,45.1,10.3938,0.264,62.4,0.0039,0.0039,0.0031,0.0018,0.001,0.0006,0.0002,0.3595,0.3593,0.281,0.1647,0.0926,0.0571,0.022000000000000002,1.104,1.107,0.8809999999999999,0.512,0.294,0.188,0.076,100.6381,100.9116,80.3099,46.6727,26.8004,17.1377,6.928
179,3.2-24,0.011000000000000001,15.0242,20.9287,44.8,9.8091,0.2998,61.9,0.0046,0.0041,0.0031,0.0019,0.0011,0.0007,0.0003,0.423,0.3773,0.282,0.1706,0.0959,0.0612,0.0258,1.359,1.163,0.88,0.529,0.304,0.201,0.08800000000000001,123.8833,106.0164,80.2188,48.2224,27.7119,18.3227,8.0219
180,3.2-26,0.0111,15.1516,19.5402,44.4,9.8741,0.2974,62.1,0.0054,0.0052,0.0041,0.0028,0.0014,0.0008,0.0003,0.4918,0.4654,0.3733,0.2523,0.128,0.0743,0.0283,1.561,1.449,1.1640000000000001,0.7929999999999999,0.41,0.245,0.098,141.0117,130.8943,105.1491,71.6351,37.037,22.1319,8.8528
181,3.3-1,0.0112,15.2789,32.0295,53.0,10.1339,0.40299999999999997,75.0,0.0076,0.0074,0.0071,0.0067,0.0055,0.0033,0.0013,0.6819,0.6625,0.6319,0.5979,0.4959,0.2965,0.1134,2.088,1.994,1.921,1.8519999999999999,1.585,0.953,0.375,187.0968,178.6738,172.1326,165.9498,142.0251,85.3943,33.6022
182,3.3-2,0.0114,15.6609,30.3302,53.0,10.1989,0.3991,75.0,0.0075,0.0071,0.006999999999999999,0.0068,0.0059,0.0038,0.0015,0.6554,0.6212,0.61,0.59,0.5144,0.3306,0.1323,2.072,1.9080000000000001,1.892,1.8619999999999999,1.675,1.079,0.442,181.1189,166.7832,165.3846,162.7622,146.4161,94.3182,38.6364
183,3.3-3,0.0114,15.6609,30.3302,53.0,10.1989,0.3991,75.0,0.0075,0.0071,0.0071,0.0067,0.0057,0.0037,0.0015,0.6571,0.6205,0.6175,0.5861,0.5018,0.3237,0.1309,2.077,1.91,1.9240000000000002,1.859,1.643,1.0659999999999998,0.441,181.5559,166.958,168.1818,162.5,143.6189,93.1818,38.549
184,3.3-4,0.0111,15.1516,32.5959,53.0,9.9391,0.4144,75.0,0.0073,0.0069,0.0068,0.0065,0.0057,0.0039,0.0017,0.6616,0.6267,0.6121,0.59,0.5121,0.348,0.1529,2.0269999999999997,1.864,1.8419999999999999,1.8090000000000002,1.6219999999999999,1.11,0.498,183.1075,168.38299999999998,166.3957,163.4146,146.5221,100.271,44.9865
185,3.3-5,0.011000000000000001,15.0242,33.1624,53.0,10.068999999999999,0.4068,75.0,0.0072,0.0067,0.006,0.0051,0.0034,0.0022,0.0012,0.6513,0.6081,0.5458,0.4616,0.3079,0.1958,0.109,1.994,1.798,1.6219999999999999,1.3969999999999998,0.953,0.611,0.35100000000000003,181.7685,163.9016,147.8578,127.3473,86.8733,55.6974,31.9964
186,3.3-6,0.0113,15.4062,31.4631,53.0,10.068999999999999,0.4068,75.0,0.0073,0.0067,0.0061,0.006,0.0049,0.0035,0.002,0.6479,0.5920000000000001,0.5414,0.5327,0.4332,0.3097,0.1761,2.019,1.788,1.643,1.65,1.382,0.9990000000000001,0.5820000000000001,179.4667,158.9333,146.0444,146.6667,122.8444,88.8,51.7333
187,3.3-7,0.0112,15.2789,24.7926,47.9,9.9391,0.4025,73.5,0.0065,0.0063,0.0053,0.0041,0.0026,0.0016,0.0007,0.5844,0.568,0.4788,0.371,0.2338,0.1447,0.067,1.8230000000000002,1.729,1.469,1.157,0.75,0.475,0.23199999999999998,163.3513,154.9283,131.6308,103.6738,67.2043,42.5627,20.7885
188,3.3-9,0.0114,15.6609,22.0992,47.4,10.004,0.409,74.8,0.0067,0.0063,0.0052,0.0041,0.0027,0.0018,0.0009,0.584,0.5541,0.4583,0.3566,0.2357,0.1557,0.0802,1.874,1.744,1.446,1.137,0.77,0.519,0.28,163.8112,152.4476,126.3986,99.3881,67.3077,45.3671,24.4755
189,3.3-10,0.0116,15.9155,21.495,47.8,10.068999999999999,0.3963,73.7,0.0064,0.0061,0.0048,0.0035,0.0022,0.0016,0.0008,0.5519,0.526,0.4098,0.2988,0.1928,0.1333,0.0708,1.8090000000000002,1.699,1.3230000000000002,0.9740000000000001,0.642,0.455,0.254,155.546,146.0877,113.7575,83.7489,55.2021,39.123000000000005,21.8401
190,3.3-11,0.0115,15.7882,21.2998,47.3,9.8741,0.3593,68.1,0.0062,0.0061,0.0049,0.0037,0.0023,0.0015,0.0008,0.5406,0.5292,0.4261,0.3233,0.1949,0.1323,0.0708,1.756,1.663,1.3519999999999999,1.046,0.637,0.44299999999999995,0.25,152.2984,144.2324,117.2593,90.7199,55.2472,38.4215,21.6826
191,3.3-12,0.0114,15.6609,23.073,48.0,9.9391,0.3589,68.5,0.0061,0.0058,0.0046,0.0033,0.0021,0.0015,0.0008,0.534,0.5106,0.4001,0.2897,0.1873,0.1311,0.0682,1.723,1.601,1.26,0.932,0.615,0.44299999999999995,0.244,150.6119,139.9476,110.1399,81.4685,53.7587,38.7238,21.3287
192,3.3-13,0.0116,15.9155,21.9847,48.1,10.068999999999999,0.3777,71.5,0.0065,0.0063,0.0051,0.0042,0.0031,0.0022,0.0013,0.5542,0.5449,0.4381,0.3589,0.2669,0.192,0.1133,1.814,1.719,1.382,1.155,0.8809999999999999,0.644,0.39399999999999996,155.9759,147.8074,118.8306,99.3121,75.7524,55.373999999999995,33.8779
193,3.3-15,0.0112,15.2789,25.1053,48.1,10.004,0.3712,70.3,0.0066,0.0065,0.0059,0.0054,0.004,0.0026,0.0012,0.5872,0.5789,0.5301,0.4876,0.3612,0.2332,0.1076,1.8119999999999998,1.7530000000000001,1.618,1.524,1.161,0.76,0.365,162.3656,157.0789,144.9821,136.5591,104.0323,68.1004,32.7061
194,3.3-16,0.0115,15.7882,21.6312,47.5,10.1339,0.4022,74.9,0.0072,0.0071,0.0066,0.0059,0.0035,0.0018,0.0007,0.6266,0.6174,0.5719,0.5107,0.3058,0.1574,0.0635,1.989,1.936,1.82,1.6580000000000001,1.0090000000000001,0.527,0.221,172.5065,167.9098,157.8491,143.7988,87.5108,45.7069,19.1674
195,3.3-17,0.0114,15.6609,23.3922,48.2,10.068999999999999,0.376,71.3,0.006999999999999999,0.0069,0.0066,0.0061,0.004,0.0021,0.0008,0.6106,0.6013,0.578,0.5294,0.3491,0.1833,0.0708,1.919,1.864,1.814,1.6980000000000002,1.14,0.604,0.24100000000000002,167.7448,162.9371,158.5664,148.4266,99.6504,52.7972,21.0664
196,3.3-18,0.0114,15.6609,23.7087,48.4,10.004,0.3877,72.2,0.0067,0.0067,0.006,0.0053,0.0037,0.0022,0.0009,0.5885,0.5816,0.5223,0.4625,0.3231,0.1901,0.0754,1.874,1.819,1.64,1.479,1.058,0.633,0.259,163.8112,159.0035,143.3566,129.2832,92.4825,55.3322,22.6399
197,3.3-19,0.0114,15.5335,23.6984,48.0,10.004,0.3694,70.1,0.0071,0.0069,0.0064,0.0058,0.0035,0.0018,0.0007,0.6269,0.6063,0.5638,0.5064,0.3112,0.1584,0.0609,1.954,1.868,1.7619999999999998,1.618,1.012,0.524,0.209,172.1586,164.5815,155.2423,142.5551,89.163,46.1674,18.4141
198,3.3-20,0.0113,15.4062,22.2172,46.7,9.8741,0.3794,70.3,0.0068,0.0066,0.006,0.0053,0.0028,0.0013,0.0005,0.6004,0.5821,0.5371,0.4678,0.2468,0.1128,0.0426,1.895,1.786,1.669,1.482,0.7929999999999999,0.368,0.14400000000000002,168.4444,158.7556,148.3556,131.7333,70.4889,32.7111,12.8
199,3.3-21,0.0114,15.5335,21.0673,46.4,10.004,0.3936,72.9,0.0057,0.0052,0.0043,0.0036,0.0019,0.001,0.0004,0.5042,0.4586,0.3772,0.314,0.1706,0.0846,0.032,1.6119999999999999,1.453,1.193,1.013,0.562,0.285,0.11199999999999999,142.0264,128.0176,105.1101,89.2511,49.5154,25.1101,9.8678
200,3.3-22,0.0114,15.6609,20.7619,46.6,9.9391,0.3909,72.1,0.0071,0.0067,0.0059,0.0052,0.0026,0.0012,0.0004,0.6162,0.5870000000000001,0.5178,0.4502,0.22699999999999998,0.1064,0.0392,1.962,1.8430000000000002,1.645,1.4609999999999999,0.7490000000000001,0.359,0.13699999999999998,171.5035,161.1014,143.7937,127.7098,65.472,31.3811,11.9755
201,3.3-23,0.0114,15.6609,20.4203,46.4,10.068999999999999,0.3922,73.2,0.0067,0.0065,0.0062,0.0058,0.0039,0.002,0.0008,0.5886,0.5712,0.5444,0.5096,0.3365,0.1761,0.0657,1.88,1.776,1.714,1.641,1.107,0.586,0.226,164.3357,155.2448,149.8252,143.4441,96.7657,51.2238,19.7552
202,3.3-24,0.0114,15.5335,22.2404,47.1,10.004,0.386,72.0,0.0065,0.0063,0.0052,0.0041,0.0022,0.0013,0.0005,0.575,0.5516,0.4604,0.3628,0.195,0.1121,0.0434,1.798,1.709,1.442,1.163,0.634,0.373,0.151,158.4141,150.5727,127.0485,102.46700000000001,55.858999999999995,32.8634,13.304
203,3.3-25,0.0114,15.5335,20.2075,45.9,10.1989,0.3835,73.1,0.0063,0.0062,0.0051,0.0043,0.0025,0.0014,0.0005,0.5572,0.5419,0.452,0.3776,0.2199,0.1216,0.0479,1.795,1.6980000000000002,1.425,1.215,0.72,0.406,0.166,158.1498,149.6035,125.5507,107.0485,63.4361,35.7709,14.6256
204,3.3-26,0.0114,15.6609,20.7619,46.6,10.068999999999999,0.3716,70.8,0.0057,0.0053,0.0041,0.003,0.0016,0.0009,0.0003,0.4954,0.4611,0.3621,0.2639,0.1434,0.081,0.0298,1.621,1.4780000000000002,1.169,0.861,0.48100000000000004,0.28,0.107,141.6958,129.1958,102.1853,75.2622,42.0455,24.4755,9.3532
205,3.3-27,0.0115,15.7882,22.1231,47.8,10.1339,0.3941,73.9,0.0075,0.006999999999999999,0.0065,0.0056,0.0022,0.0007,0.0003,0.6458,0.6105,0.5659,0.4865,0.188,0.0637,0.0277,2.044,1.9,1.7890000000000001,1.569,0.618,0.213,0.095,177.2767,164.7875,155.1605,136.0798,53.5993,18.4736,8.2394
